	NotOutlier_PIK3CA.Mutation.Status_False	NotOutlier_PIK3CA.Mutation.Status_True	Outliers_PIK3CA.Mutation.Status_False	Outliers_PIK3CA.Mutation.Status_True	fisherp_PIK3CA.Mutation.Status_False	fisherp_PIK3CA.Mutation.Status_True	fisherFDR_PIK3CA.Mutation.Status_False	fisherFDR_PIK3CA.Mutation.Status_True
NP_000480	1695.0	903.0	55.0	19.0	0.10871532361199818		0.2690892014653498	
NP_001002814	846.0	438.0	44.0	19.0	0.5867394869470872		0.7627613330312133	
NP_001003408	946.0	476.0	55.0	5.0	1.4238568819896309e-05		0.0001665912551927868	
NP_001013649	793.0	416.0	34.0	13.0	0.4332463183868768		0.6277860030558257	
NP_001020262	400.0	222.0	25.0	5.0	0.03202584309686503		0.14247686606707352	
NP_001025055	537.0	282.0	54.0	4.0	3.4911518188972663e-06		5.91749517112654e-05	
NP_001027454	806.0	434.0	49.0	16.0	0.1074650478595349		0.2690892014653498	
NP_001030128	986.0	512.0	57.0	21.0	0.21971536386284957		0.37803967017578527	
NP_001078927	1725.0	891.0	110.0	20.0	3.655584598476349e-06		5.91749517112654e-05	
NP_001106963	655.0	346.0	31.0	11.0	0.32023632693743714		0.5069135428480587	
NP_001120982	1045.0	551.0	36.0	10.0	0.08267997845813257		0.2614474994486895	
NP_001127854	691.0	346.0	35.0	17.0	1.0		1.0	
NP_001139	486.0	266.0	25.0	5.0	0.04835904165030305		0.1825163830027567	
NP_001139143	1090.0	519.0	74.0	8.0	4.046150544360028e-06		5.91749517112654e-05	
NP_001155856	1007.0	490.0	62.0	21.0	0.18493796828523745		0.33727405046670195	
NP_001157789	1717.0	865.0	89.0	41.0	0.7033971642297087		0.8506836270058957	
NP_001171894	820.0	422.0	39.0	16.0	0.560265101092309		0.7619747046745583	
NP_001171914	1002.0	534.0	46.0	19.0	0.4247256650004768		0.6277860030558257	
NP_001184033	532.0	297.0	25.0	7.0	0.13148084496950457		0.2958319011813853	
NP_001191315	383.0	207.0	38.0	8.0	0.014778180091892714		0.08067573345155539	
NP_001191397	564.0	314.0	26.0	11.0	0.4891175334223862		0.6894789326556527	
NP_001193937	1415.0	727.0	85.0	21.0	0.002119194807481468		0.015653005661874535	
NP_001193980	635.0	343.0	31.0	10.0	0.1822514243225078		0.33727405046670195	
NP_001234918	335.0	188.0	36.0	11.0	0.10930294790639958		0.2690892014653498	
NP_001243399	685.0	338.0	37.0	8.0	0.034097027776735546		0.14247686606707352	
NP_001258898	585.0	304.0	28.0	7.0	0.1002554885654807		0.2690892014653498	
NP_001422	878.0	445.0	36.0	13.0	0.3559201860885942		0.5479297601627042	
NP_001509	552.0	281.0	24.0	9.0	0.5731091795842832		0.7619747046745583	
NP_001894	737.0	399.0	30.0	14.0	0.7482893191697331		0.8680049233856098	
NP_001931	592.0	315.0	42.0	5.0	0.00037833056263380854		0.0036887229856796336	
NP_001972	803.0	409.0	31.0	15.0	1.0		1.0	
NP_001978	798.0	431.0	51.0	7.0	0.0001723159953631607		0.0018328155870445274	
NP_002212	575.0	314.0	39.0	13.0	0.1369135304007033		0.3022430765449488	
NP_002471	743.0	367.0	31.0	12.0	0.6198603847631221		0.7756507886705108	
NP_002826	852.0	415.0	36.0	10.0	0.14814503739995383		0.3095173102820464	
NP_002964	792.0	425.0	31.0	6.0	0.021132979748848646		0.10302327627563715	
NP_003119	1150.0	625.0	65.0	7.0	1.5707668331637996e-06		4.5944929870041134e-05	
NP_003371	1686.0	853.0	66.0	20.0	0.04789293893094709		0.1825163830027567	
NP_003740	1082.0	553.0	85.0	7.0	8.71874808695388e-09		5.100467630868019e-07	
NP_003904	1078.0	585.0	35.0	18.0	1.0		1.0	
NP_003971	895.0	461.0	50.0	17.0	0.1845824359724399		0.33727405046670195	
NP_004148	279.0	148.0	26.0	12.0	0.858791358282287		0.9390522328881082	
NP_004299	363.0	192.0	25.0	5.0	0.04742233763221809		0.1825163830027567	
NP_004406	1234.0	627.0	60.0	28.0	0.8174624564427165		0.9022934660735644	
NP_004765	888.0	497.0	44.0	11.0	0.014509100700744683		0.08067573345155539	
NP_004808	1538.0	790.0	58.0	19.0	0.11039556983193838		0.2690892014653498	
NP_005154	331.0	164.0	30.0	9.0	0.21816778372553278		0.37803967017578527	
NP_005372	782.0	411.0	40.0	10.0	0.033509754341605746		0.14247686606707352	
NP_005409	795.0	406.0	34.0	10.0	0.14434635992204914		0.3084980394597464	
NP_005804	516.0	260.0	25.0	7.0	0.18577723939312177		0.33727405046670195	
NP_005900	3598.0	1860.0	198.0	97.0	0.7052676223895034		0.8506836270058957	
NP_005959	571.0	288.0	32.0	8.0	0.08567297865978446		0.26378259218933636	
NP_006266	478.0	254.0	20.0	8.0	0.5509851051538829		0.7584147918000506	
NP_006303	1926.0	996.0	69.0	26.0	0.1873744724815011		0.33727405046670195	
NP_006331	540.0	264.0	37.0	10.0	0.10974885773985107		0.2690892014653498	
NP_006448	909.0	462.0	45.0	16.0	0.2675190156449043		0.43989632099379056	
NP_006608	1991.0	1025.0	114.0	7.0	3.423833177565641e-13		4.0058848177517996e-11	
NP_008835	341.0	177.0	19.0	6.0	0.3875914129781654		0.5889376015382514	
NP_009057	423.0	226.0	22.0	8.0	0.43462107903864855		0.6277860030558257	
NP_009131	1949.0	998.0	82.0	41.0	1.0		1.0	
NP_036222	882.0	477.0	33.0	16.0	0.7631382516788023		0.8719229842158416	
NP_036253	765.0	388.0	51.0	4.0	1.0763638257768945e-05		0.0001399272973509963	
NP_036288	1065.0	563.0	56.0	16.0	0.030814669909960003		0.14247686606707352	
NP_036387	490.0	252.0	28.0	14.0	1.0		1.0	
NP_036439	495.0	264.0	21.0	4.0	0.05512877957980353		0.19545658214657616	
NP_036565	1552.0	819.0	57.0	27.0	0.7264030199314766		0.86723625848962	
NP_054706	1045.0	539.0	37.0	11.0	0.12222481653545234		0.28600607069295847	
NP_055144	740.0	345.0	29.0	13.0	1.0		1.0	
NP_055160	1604.0	846.0	48.0	24.0	0.9002787934029941		0.9575692620740938	
NP_055456	1367.0	738.0	69.0	25.0	0.09736045538986599		0.2690892014653498	
NP_055554	1633.0	872.0	55.0	17.0	0.05853779712607013		0.19568349325000586	
NP_055596	646.0	352.0	28.0	8.0	0.1128308862459997		0.26941252430167273	
NP_055599	1264.0	655.0	46.0	18.0	0.3499753804858658		0.5459615935579506	
NP_055601	1239.0	645.0	40.0	19.0	0.7824949858347297		0.8719229842158416	
NP_055617	662.0	339.0	35.0	12.0	0.2707054283038711		0.43989632099379056	
NP_055627	1775.0	924.0	72.0	32.0	0.5274207567904021		0.7346217683866315	
NP_055726	623.0	322.0	24.0	5.0	0.0715562059876017		0.23255766945970555	
NP_055750	1019.0	549.0	63.0	31.0	0.7390167319168999		0.8680049233856098	
NP_055816	1404.0	772.0	38.0	19.0	0.7808898604973034		0.8719229842158416	
NP_055927	1086.0	561.0	42.0	18.0	0.580047894926824		0.7625348731060495	
NP_055987	929.0	501.0	30.0	14.0	0.7493033954012529		0.8680049233856098	
NP_056193	868.0	460.0	57.0	21.0	0.178039802814528		0.33727405046670195	
NP_056272	829.0	423.0	48.0	16.0	0.17408651767158		0.33727405046670195	
NP_056285	1049.0	549.0	33.0	16.0	0.8793452378961599		0.9526240077208399	
NP_056364	967.0	486.0	32.0	12.0	0.42248265894335124		0.6277860030558257	
NP_056371	1664.0	836.0	48.0	23.0	0.8991581377816897		0.9575692620740938	
NP_057417	7386.0	3912.0	172.0	77.0	0.25201470421827427		0.42122457705054417	
NP_060130	405.0	198.0	25.0	9.0	0.5728129342931234		0.7619747046745583	
NP_060395	1499.0	730.0	52.0	22.0	0.6170184384828041		0.7756507886705108	
NP_061936	711.0	393.0	45.0	10.0	0.008484409214232371		0.05514865989251041	
NP_062565	911.0	491.0	52.0	10.0	0.0015551473218209765		0.012996588332361017	
NP_062817	856.0	450.0	38.0	11.0	0.09163211373946131		0.2690892014653498	
NP_064504	905.0	490.0	48.0	17.0	0.14502044589988078		0.3084980394597464	
NP_065805	1015.0	510.0	41.0	14.0	0.24535843232928825		0.41604255916705396	
NP_065875	1016.0	534.0	56.0	11.0	0.0021405819708546375		0.015653005661874535	
NP_071934	608.0	321.0	43.0	12.0	0.05682171331975895		0.19553354289446462	
NP_072174	3384.0	1709.0	178.0	72.0	0.13055736303675708		0.2958319011813853	
NP_073746	382.0	196.0	26.0	7.0	0.18247671446187005		0.33727405046670195	
NP_075385	679.0	367.0	37.0	18.0	0.7733932694737147		0.8719229842158416	
NP_112533	587.0	310.0	41.0	12.0	0.09938230750526628		0.2690892014653498	
NP_150241	996.0	516.0	45.0	10.0	0.013214789271329012		0.08067573345155539	
NP_203754	3737.0	1926.0	159.0	76.0	0.623172428504513		0.7756507886705108	
NP_277052	926.0	487.0	53.0	13.0	0.015859332216972426		0.08067573345155539	
NP_443094	749.0	413.0	65.0	5.0	8.781060552416502e-08		3.424613615442436e-06	
NP_444254	756.0	393.0	58.0	15.0	0.015196151157864053		0.08067573345155539	
NP_510880	1035.0	548.0	53.0	23.0	0.4612755296434614		0.6581614264424999	
NP_542417	1567.0	825.0	30.0	15.0	1.0		1.0	
NP_597734	1670.0	808.0	107.0	47.0	0.6576420729602113		0.8099381319615233	
NP_663719	728.0	386.0	36.0	12.0	0.21363206924526001		0.37803967017578527	
NP_689449	699.0	360.0	37.0	9.0	0.05404401794275361		0.19545658214657616	
NP_722560	451.0	231.0	22.0	7.0	0.3206119843654388		0.5069135428480587	
NP_733793	676.0	380.0	38.0	7.0	0.0039325116382511295		0.02706493303972836	
NP_733821	1890.0	953.0	71.0	31.0	0.5933546597566102		0.7628845625442131	
NP_835260	620.0	317.0	41.0	5.0	0.0006407739562138755		0.00576696560592488	
NP_937883	730.0	369.0	40.0	11.0	0.09306427782944358		0.2690892014653498	
NP_963293	645.0	341.0	49.0	3.0	2.623475822031227e-06		5.91749517112654e-05	
NP_996744	1060.0	567.0	44.0	15.0	0.16312619969423098		0.3348379888460531	
NP_001001924	582.0	308.0	31.0	26.0		0.11492772474336119		0.20235740491622492
NP_001002295	192.0	98.0	7.0	9.0		0.1028157008838744		0.1879497207240252
NP_001002909	642.0	330.0	13.0	11.0		0.2759359457407729		0.39127081049437934
NP_001005751	1720.0	861.0	39.0	47.0		7.073819334670605e-05		0.0007585332771980292
NP_001014436	566.0	281.0	9.0	24.0		6.797068691791584e-06		0.00021558974164039723
NP_001014972	715.0	373.0	24.0	16.0		0.4989753995368743		0.5966914152795122
NP_001017915	509.0	258.0	24.0	17.0		0.31324652497334593		0.41621181790439943
NP_001018494	381.0	199.0	15.0	8.0		1.0		1.0
NP_001032242	1051.0	544.0	40.0	24.0		0.5922114255032572		0.6744630123787096
NP_001035919	650.0	328.0	25.0	14.0		0.7331985203627673		0.7910826140756173
NP_001035957	515.0	267.0	18.0	21.0		0.015525967223577457		0.048207444360413354
NP_001041648	772.0	405.0	23.0	17.0		0.3124723441058104		0.41621181790439943
NP_001059	1133.0	566.0	42.0	25.0		0.5105951233506422		0.60057705082637
NP_001073860	839.0	393.0	30.0	25.0		0.03980920690306297		0.09364952771458256
NP_001092885	530.0	281.0	15.0	14.0		0.16481234900935626		0.27341701829875864
NP_001099010	189.0	102.0	2.0	8.0		0.005785426889110066		0.022138900228994517
NP_001099036	324.0	161.0	5.0	12.0		0.00286734290581936		0.013144640226935062
NP_001102	506.0	243.0	21.0	15.0		0.2768045255992163		0.39127081049437934
NP_001104026	2216.0	1084.0	83.0	52.0		0.19109074114901545		0.29642934707208907
NP_001106189	1434.0	712.0	48.0	24.0		1.0		1.0
NP_001107018	1568.0	810.0	39.0	23.0		0.6842110709994569		0.7494983869345195
NP_001107854	839.0	421.0	17.0	21.0		0.00823829068163914		0.029189992909017692
NP_001120683	499.0	243.0	12.0	25.0		2.804128476530889e-05		0.00042357098566545535
NP_001122390	558.0	294.0	19.0	11.0		0.8460244577429414		0.892680218280236
NP_001123544	498.0	249.0	9.0	16.0		0.0023257764886178414		0.01150858365919518
NP_001123617	768.0	375.0	24.0	12.0		1.0		1.0
NP_001123917	1815.0	866.0	111.0	120.0		4.531629035115574e-09		6.502887665390849e-07
NP_001123999	1094.0	556.0	48.0	31.0		0.331116720410099		0.43000225682216475
NP_001127853	707.0	355.0	15.0	16.0		0.05223497158372496		0.11860534228561798
NP_001128659	472.0	222.0	12.0	14.0		0.031065542254213055		0.07752878806051432
NP_001135452	3489.0	1777.0	113.0	84.0		0.011387972150859103		0.03845115302701838
NP_001136112	340.0	186.0	17.0	11.0		0.6884372525032036		0.7512604238342945
NP_001136157	961.0	520.0	30.0	34.0		0.004810797827839058		0.01865809427824067
NP_001138678	1139.0	576.0	43.0	36.0		0.03832609440807404		0.090905695000969
NP_001153575	540.0	263.0	10.0	18.0		0.0009039982508532462		0.005640162999888732
NP_001157852	385.0	181.0	16.0	24.0		0.0004760036780975462		0.0035950804108946252
NP_001158136	1045.0	541.0	50.0	33.0		0.28866051185207		0.39829599471896193
NP_001159581	783.0	386.0	18.0	30.0		6.474221493427521e-05		0.0007432406274454794
NP_001159743	289.0	149.0	9.0	11.0		0.09016632716590686		0.17184610082834634
NP_001166171	381.0	203.0	17.0	35.0		7.937344546918547e-06		0.00021558974164039723
NP_001180345	482.0	248.0	10.0	12.0		0.06615588003662223		0.1337094195106379
NP_001186308	661.0	345.0	25.0	17.0		0.4115756524893536		0.5067981825892548
NP_001191332	806.0	419.0	36.0	28.0		0.13794023547039963		0.2384870336144861
NP_001230368	726.0	370.0	16.0	16.0		0.06086818681069059		0.12844977657844264
NP_001230685	765.0	384.0	31.0	19.0		0.541440375736139		0.6240698306677587
NP_001231931	786.0	426.0	10.0	26.0		1.0597689363494708e-05		0.00025346140394358173
NP_001240628	933.0	466.0	27.0	30.0		0.003963738117307837		0.01634469259821292
NP_001244904	287.0	143.0	8.0	18.0		0.0004377773828584423		0.0034900585800103595
NP_001245303	988.0	489.0	33.0	24.0		0.19714755767391134		0.2977965739600661
NP_001245308	472.0	250.0	29.0	18.0		0.636899302230151		0.722490512806535
NP_001254489	880.0	457.0	10.0	27.0		4.146353171374977e-06		0.00017000048002637405
NP_001264	1094.0	558.0	20.0	15.0		0.28115013187819826		0.39169945557787816
NP_001265138	1193.0	620.0	33.0	36.0		0.0028854088303028186		0.013144640226935062
NP_001354	358.0	177.0	10.0	9.0		0.2195091619269134		0.32307245883602126
NP_001446	548.0	289.0	24.0	19.0		0.19454324799734615		0.2977965739600661
NP_001611	9295.0	4744.0	324.0	195.0		0.08059431221146668		0.15628761895061444
NP_001615	882.0	437.0	17.0	70.0		2.409466598802089e-18		6.915169138561995e-16
NP_001645	456.0	230.0	11.0	15.0		0.01870647304163739		0.052021819256732715
NP_002105	792.0	441.0	16.0	28.0		0.00033638834587304		0.0029255592504715904
NP_002130	884.0	463.0	21.0	11.0		1.0		1.0
NP_002264	1216.0	611.0	46.0	30.0		0.3215445546894276		0.41946948725393507
NP_002267	892.0	454.0	27.0	23.0		0.09369692166267442		0.17461699037134776
NP_002364	2154.0	1087.0	48.0	57.0		2.2338267980375448e-05		0.0004133007989019557
NP_002366	1987.0	1006.0	60.0	49.0		0.01757386041326947		0.051466305496003444
NP_002473	578.0	326.0	23.0	19.0		0.2520436165997809		0.3616825898206856
NP_002568	577.0	292.0	20.0	20.0		0.040416074089600296		0.09430417287573403
NP_002573	348.0	177.0	5.0	12.0		0.00311468418452376		0.013752528630127986
NP_002745	107.0	46.0	3.0	8.0		0.006314000300620995		0.023843659029976653
NP_003161	410.0	208.0	16.0	12.0		0.31503974326781525		0.41663043948438905
NP_003248	1505.0	758.0	53.0	34.0		0.29868481347298836		0.4025349469411298
NP_003283	704.0	355.0	18.0	21.0		0.014918535431455573		0.04709855456437612
NP_003473	1454.0	773.0	36.0	20.0		0.8875308966401888		0.9129798112391906
NP_003617	728.0	377.0	36.0	21.0		0.6697732844189765		0.7388030294646547
NP_003676	325.0	161.0	16.0	11.0		0.40979663422589596		0.5067981825892548
NP_003695	328.0	163.0	4.0	12.0		0.0009494010222321159		0.0057719281801054435
NP_003891	928.0	463.0	64.0	37.0		0.5130406536664333		0.6009904800092504
NP_004136	821.0	433.0	26.0	15.0		0.8676769781832505		0.9013208990532388
NP_004482	912.0	460.0	17.0	17.0		0.06477668123051683		0.1337094195106379
NP_004563	934.0	474.0	15.0	39.0		1.763292607703606e-08		1.01212995682187e-06
NP_004681	299.0	171.0	11.0	12.0		0.18324426422078827		0.29266137284251187
NP_004710	741.0	404.0	15.0	17.0		0.059543485858739746		0.12673558750800512
NP_004726	743.0	371.0	34.0	30.0		0.029933136482760303		0.07602486876594873
NP_004738	1041.0	531.0	25.0	40.0		8.26302145660059e-06		0.00021558974164039723
NP_004901	267.0	132.0	4.0	8.0		0.026152518052482185		0.06761957370326475
NP_005076	1008.0	537.0	16.0	25.0		0.0008053701272564037		0.0051364717005019525
NP_005086	654.0	335.0	18.0	13.0		0.3435264764857511		0.4441085529342818
NP_005110	1679.0	847.0	58.0	34.0		0.5015892516810154		0.5968795834635535
NP_005137	322.0	162.0	8.0	8.0		0.18589655456561688		0.29266137284251187
NP_005145	249.0	132.0	7.0	8.0		0.16969952566732463		0.2799066888880584
NP_005222	896.0	451.0	24.0	29.0		0.0027796281870433835		0.013077922781663132
NP_005325	343.0	175.0	10.0	17.0		0.0031906671226590356		0.013874567639441565
NP_005349	1730.0	863.0	66.0	52.0		0.01696475692638067		0.05019469317393044
NP_005426	1106.0	589.0	30.0	30.0		0.018964805385530675		0.052021819256732715
NP_005427	645.0	328.0	22.0	17.0		0.22830054913600503		0.33260029239610883
NP_005535	1242.0	629.0	33.0	45.0		2.6012640680127543e-05		0.00041475710417758916
NP_005753	1161.0	537.0	36.0	53.0		1.7742412677922933e-07		8.486787397606469e-06
NP_005769	240.0	119.0	9.0	8.0		0.2940338909846517		0.401846317679024
NP_005808	503.0	243.0	18.0	18.0		0.04480824804899479		0.10287973752049204
NP_005912	378.0	189.0	7.0	19.0		7.136027346462296e-05		0.0007585332771980292
NP_005958	422.0	214.0	11.0	23.0		0.00013432268311298654		0.0013293313811526598
NP_005960	426.0	208.0	13.0	16.0		0.016025075539535753		0.04841259662996591
NP_005964	300.0	164.0	11.0	13.0		0.08033101190867464		0.15628761895061444
NP_006006	707.0	378.0	19.0	13.0		0.5731748371736234		0.655383180353904
NP_006022	632.0	344.0	28.0	16.0		0.8730564806160293		0.9013208990532388
NP_006176	1471.0	743.0	54.0	50.0		0.002958502656512807		0.013267035350299617
NP_006188	1927.0	1030.0	87.0	65.0		0.055065632673043576		0.12251036106328299
NP_006258	2697.0	1403.0	63.0	58.0		0.002512227248711043		0.012016820339667823
NP_006280	1349.0	655.0	55.0	28.0		0.9050322827494128		0.9243568154771583
NP_006302	1582.0	815.0	42.0	48.0		0.00026390543732615054		0.0023669018910189125
NP_006305	398.0	198.0	16.0	25.0		0.0005589556964636339		0.003912689875245437
NP_006319	834.0	429.0	25.0	21.0		0.11428723071620087		0.20235740491622492
NP_006328	214.0	107.0	3.0	9.0		0.004689121000444953		0.018435311330516457
NP_006412	469.0	247.0	13.0	19.0		0.007175611493854937		0.026068360743498314
NP_006428	640.0	329.0	18.0	12.0		0.5581770101267424		0.6407872076255002
NP_006531	592.0	301.0	21.0	15.0		0.36999267895351046		0.4698579595560067
NP_006600	522.0	255.0	15.0	16.0		0.0339403990743411		0.08254995368081267
NP_006654	1031.0	534.0	34.0	25.0		0.20943126898368494		0.311434063203718
NP_006691	445.0	218.0	10.0	18.0		0.0009653399046866248		0.0057719281801054435
NP_006717	1236.0	625.0	35.0	31.0		0.03354265070201119		0.08227983548271121
NP_006747	176.0	88.0	5.0	8.0		0.06824831183289565		0.13697388458769966
NP_006847	531.0	271.0	20.0	14.0		0.363046307810886		0.4630857348521079
NP_009045	926.0	468.0	31.0	21.0		0.3007367374743901		0.40332450306144846
NP_009114	868.0	425.0	18.0	30.0		6.430586600943955e-05		0.0007432406274454794
NP_009178	1044.0	505.0	27.0	30.0		0.002425547138988554		0.011798847947283303
NP_009217	1826.0	928.0	80.0	55.0		0.09460974569903541		0.1751806259072462
NP_009297	438.0	227.0	14.0	11.0		0.39117362200553685		0.4912404320824601
NP_036252	556.0	277.0	20.0	18.0		0.08057891144232018		0.15628761895061444
NP_036441	850.0	450.0	27.0	25.0		0.053916346897543654		0.12089055905933617
NP_036556	817.0	422.0	31.0	21.0		0.372070689249639		0.47041536482223073
NP_037373	271.0	128.0	13.0	20.0		0.0017935404576058986		0.00951740265275723
NP_037450	1050.0	572.0	33.0	33.0		0.017998665846199913		0.05161542186938872
NP_054749	641.0	329.0	26.0	23.0		0.06591423012845138		0.1337094195106379
NP_054767	478.0	242.0	10.0	24.0		2.4481231990708177e-05		0.0004133007989019557
NP_054790	268.0	129.0	4.0	11.0		0.001803179979173943		0.00951740265275723
NP_054831	1126.0	573.0	30.0	43.0		2.367658889309848e-05		0.0004133007989019557
NP_054878	943.0	479.0	21.0	21.0		0.032140186123467133		0.07951925359857817
NP_055330	422.0	210.0	15.0	13.0		0.15693065868989428		0.261855226999998
NP_055412	599.0	321.0	19.0	18.0		0.11327954973714224		0.20235740491622492
NP_055535	780.0	412.0	20.0	22.0		0.02114373453698716		0.05618751677884551
NP_055548	342.0	204.0	14.0	10.0		0.6718601385996044		0.7388030294646547
NP_055647	721.0	353.0	17.0	14.0		0.17590171801039628		0.2884788175370499
NP_055662	962.0	493.0	29.0	24.0		0.10434134390435837		0.18833940692170348
NP_055681	2034.0	1054.0	92.0	52.0		0.6534395560674007		0.7297165470480311
NP_055792	1787.0	893.0	53.0	34.0		0.29874544842669215		0.4025349469411298
NP_055820	1540.0	793.0	50.0	32.0		0.34538538094770627		0.4445094364663305
NP_055831	610.0	341.0	24.0	14.0		1.0		1.0
NP_055845	545.0	256.0	16.0	26.0		0.00014606116886331947		0.0013973185154590895
NP_055857	934.0	481.0	33.0	19.0		0.7660190708548147		0.8203263930422829
NP_055858	457.0	254.0	18.0	16.0		0.20223874586982754		0.3038875396054477
NP_055864	227.0	108.0	12.0	12.0		0.11450997522057993		0.20235740491622492
NP_055885	1503.0	815.0	41.0	24.0		0.7928820576730525		0.8459373626474576
NP_055888	853.0	419.0	20.0	28.0		0.0004952206081184677		0.0036018137067229095
NP_055907	374.0	204.0	10.0	8.0		0.4581536876180415		0.5548105837399911
NP_055912	837.0	453.0	34.0	25.0		0.26712489404232653		0.3814171372644165
NP_055915	503.0	285.0	11.0	11.0		0.186609864913518		0.29266137284251187
NP_055940	1122.0	584.0	21.0	29.0		0.0007973996768002935		0.0051364717005019525
NP_055962	358.0	176.0	11.0	16.0		0.006707351489875307		0.024854063589760885
NP_055968	599.0	305.0	17.0	15.0		0.13203692279137375		0.22966422327954097
NP_055970	665.0	336.0	15.0	16.0		0.05248389710896684		0.11860534228561798
NP_055972	1491.0	744.0	52.0	33.0		0.2935584584886209		0.401846317679024
NP_055983	535.0	277.0	16.0	11.0		0.537484977707787		0.6220088250086083
NP_056018	1082.0	568.0	37.0	42.0		0.0010222691437473989		0.005987576413377622
NP_056025	399.0	199.0	21.0	22.0		0.02023507016203281		0.05427537510750857
NP_056067	735.0	362.0	22.0	20.0		0.06556660287644733		0.1337094195106379
NP_056069	645.0	329.0	21.0	19.0		0.0886519851565095		0.17075919288535724
NP_056073	973.0	461.0	25.0	23.0		0.027834165400757106		0.07132504883944008
NP_056093	1017.0	502.0	30.0	32.0		0.0036924677082055095		0.015584385768455606
NP_056128	598.0	302.0	14.0	10.0		0.3919653621842626		0.4912404320824601
NP_056130	1170.0	607.0	31.0	23.0		0.24421209080831957		0.3539841922322612
NP_056141	442.0	220.0	19.0	15.0		0.19713226266601674		0.2977965739600661
NP_056171	1476.0	767.0	58.0	36.0		0.43816859745117376		0.5351250530573909
NP_056197	532.0	265.0	20.0	14.0		0.35658388079602904		0.4568730972699122
NP_056261	689.0	362.0	14.0	15.0		0.07368837475405031		0.14585216244422372
NP_056262	681.0	360.0	18.0	21.0		0.0166149631967177		0.04967181705685396
NP_056281	313.0	156.0	13.0	8.0		0.6423451394765197		0.7257994292510282
NP_056345	517.0	253.0	25.0	18.0		0.24552386971522658		0.35409723923753783
NP_056390	711.0	353.0	23.0	22.0		0.0359471496355829		0.08669606676817053
NP_056392	732.0	361.0	23.0	20.0		0.07147602953721176		0.1424556977581929
NP_056418	446.0	255.0	11.0	9.0		0.4827615065186634		0.5821535813901529
NP_056450	647.0	315.0	13.0	21.0		0.0007319335238696698		0.00488523072908361
NP_056506	502.0	262.0	14.0	19.0		0.008557856431637038		0.029952497510729634
NP_056992	297.0	150.0	10.0	8.0		0.4465410833949425		0.5430393683658834
NP_057205	357.0	189.0	13.0	11.0		0.27882126685927167		0.39127081049437934
NP_057227	281.0	133.0	5.0	14.0		0.0003536625312425946		0.002985327837253666
NP_057269	458.0	237.0	31.0	22.0		0.2956869073170352		0.40219024834118056
NP_057332	1073.0	538.0	38.0	27.0		0.18206064734017818		0.29266137284251187
NP_057404	1007.0	498.0	22.0	23.0		0.015621227615046836		0.048207444360413354
NP_057541	561.0	278.0	19.0	21.0		0.01596354697220102		0.04841259662996591
NP_057688	525.0	247.0	7.0	21.0		5.862909365699148e-06		0.00021033187349445693
NP_058519	1637.0	892.0	13.0	39.0		1.0590086654047796e-08		8.286438855986459e-07
NP_059990	488.0	256.0	19.0	12.0		0.700444791728027		0.7602250325521701
NP_060110	905.0	464.0	48.0	26.0		0.8025812635360197		0.853114157906806
NP_060252	484.0	259.0	13.0	17.0		0.01900584197226953		0.052021819256732715
NP_060327	349.0	166.0	8.0	17.0		0.0004066925689507701		0.003334879065396315
NP_060404	433.0	220.0	13.0	12.0		0.19588442594025862		0.2977965739600661
NP_060506	404.0	199.0	10.0	9.0		0.2190403023738756		0.32307245883602126
NP_060537	1434.0	755.0	44.0	26.0		0.7019499429488678		0.7602250325521701
NP_060644	1075.0	536.0	27.0	30.0		0.003986510389808029		0.01634469259821292
NP_060679	612.0	302.0	21.0	11.0		0.8506052679048179		0.8942260508742959
NP_060700	342.0	173.0	5.0	13.0		0.0015403163041127696		0.008668054495693429
NP_060731	464.0	228.0	15.0	10.0		0.517843181130704		0.6017044250385103
NP_060821	443.0	222.0	17.0	21.0		0.008036341965439342		0.028830376801013642
NP_060952	570.0	300.0	13.0	11.0		0.2794791503531281		0.39127081049437934
NP_061322	924.0	459.0	25.0	28.0		0.004554357077866208		0.018244536215808314
NP_062535	202.0	106.0	5.0	10.0		0.023687265518868093		0.06236922205426737
NP_062536	1863.0	951.0	71.0	74.0		3.3903869305440685e-05		0.0004633528805076894
NP_064522	292.0	136.0	10.0	11.0		0.05827308611063776		0.125747185817692
NP_064578	461.0	240.0	24.0	18.0		0.316464933127515		0.41663043948438905
NP_065176	1464.0	756.0	47.0	34.0		0.1530482901181726		0.2583815250818561
NP_065750	488.0	254.0	19.0	23.0		0.011835081781917195		0.03949614501639808
NP_065770	1007.0	504.0	33.0	26.0		0.09328315216352429		0.17461699037134776
NP_065797	294.0	160.0	9.0	18.0		0.0016520045216974304		0.009117794187060817
NP_065827	398.0	208.0	12.0	20.0		0.002006314337258564		0.01023856195994615
NP_065857	304.0	157.0	15.0	11.0		0.4017168292340669		0.501272739087727
NP_065871	403.0	214.0	17.0	15.0		0.18467458017999483		0.29266137284251187
NP_065883	1081.0	529.0	18.0	31.0		2.1080527053843096e-05		0.0004133007989019557
NP_065897	731.0	378.0	22.0	20.0		0.09695158463809816		0.1783660563534242
NP_065899	1905.0	935.0	37.0	48.0		1.2166301793040267e-05		0.0002685945088155813
NP_065905	520.0	275.0	15.0	17.0		0.03789796743051896		0.09063930543799117
NP_065910	1356.0	734.0	33.0	27.0		0.13175575536483095		0.22966422327954097
NP_065939	1566.0	835.0	67.0	37.0		0.9163208009272718		0.9325676236387481
NP_065953	1327.0	718.0	31.0	25.0		0.15684562874017577		0.261855226999998
NP_065970	344.0	163.0	6.0	15.0		0.0005019949417035414		0.0036018137067229095
NP_066997	585.0	298.0	21.0	16.0		0.2877809160271831		0.39829599471896193
NP_067064	378.0	203.0	7.0	14.0		0.004577026507101737		0.018244536215808314
NP_068799	270.0	137.0	7.0	9.0		0.10395223222146346		0.18833940692170348
NP_071349	466.0	245.0	10.0	18.0		0.0020334426192227546		0.01023856195994615
NP_071401	197.0	96.0	4.0	10.0		0.006754762926833968		0.024854063589760885
NP_072096	471.0	242.0	12.0	11.0		0.18404137692095135		0.29266137284251187
NP_073585	1115.0	554.0	26.0	27.0		0.011323658495838596		0.03845115302701838
NP_073588	313.0	156.0	5.0	13.0		0.0014662760076089411		0.008416424283675322
NP_073602	353.0	169.0	16.0	13.0		0.2223433884298915		0.32557424734376966
NP_073744	575.0	270.0	21.0	19.0		0.05615329026412365		0.12396918696771914
NP_075384	393.0	191.0	9.0	13.0		0.01903237289880465		0.052021819256732715
NP_076936	318.0	160.0	6.0	15.0		0.0006747121357653918		0.004610532927730178
NP_079031	643.0	350.0	17.0	10.0		0.840561696509619		0.8901889553441352
NP_079052	868.0	450.0	24.0	22.0		0.05961430074418359		0.12673558750800512
NP_079285	252.0	116.0	7.0	12.0		0.01002870286110424		0.03467756290526406
NP_079440	495.0	261.0	15.0	11.0		0.4097299272406477		0.5067981825892548
NP_079461	808.0	418.0	40.0	25.0		0.5032921923281531		0.5968795834635535
NP_079524	956.0	518.0	29.0	18.0		0.6449591010735025		0.7258951451297851
NP_109590	701.0	382.0	30.0	19.0		0.6479744152684056		0.7264400671173141
NP_112179	441.0	225.0	10.0	12.0		0.06535762214356394		0.1337094195106379
NP_112553	338.0	170.0	9.0	9.0		0.20363473843789004		0.30439151006080434
NP_112578	284.0	145.0	8.0	8.0		0.1894859186111502		0.2955568404423919
NP_113584	1761.0	908.0	43.0	37.0		0.030835964376411194		0.07752878806051432
NP_114128	1074.0	544.0	28.0	15.0		0.87093622482568		0.9013208990532388
NP_115554	153.0	66.0	8.0	11.0		0.019849276675676805		0.05374285288603059
NP_115593	829.0	429.0	24.0	19.0		0.19211100541954204		0.29642934707208907
NP_115751	338.0	168.0	17.0	13.0		0.32003862123403726		0.4194113438089895
NP_115812	2028.0	1033.0	52.0	40.0		0.05766646214657685		0.12538086845505725
NP_115820	398.0	208.0	12.0	24.0		0.00023020182983906774		0.0021312233923810463
NP_116126	491.0	256.0	14.0	13.0		0.15196934205162715		0.2580781134249526
NP_149074	213.0	105.0	4.0	11.0		0.0035541136046487692		0.015224337381107414
NP_149107	578.0	305.0	17.0	21.0		0.01414191763748044		0.04560371193209985
NP_149131	980.0	492.0	37.0	21.0		0.6718731382936407		0.7388030294646547
NP_203747	342.0	160.0	7.0	18.0		9.743868763706942e-05		0.0009987465482799616
NP_361013	882.0	466.0	26.0	17.0		0.5174060340300046		0.6017044250385103
NP_387505	378.0	181.0	7.0	14.0		0.001823892494430828		0.00951740265275723
NP_476510	678.0	320.0	14.0	12.0		0.14028969015029638		0.24109665313254527
NP_490597	495.0	261.0	8.0	13.0		0.01804253867282173		0.05161542186938872
NP_597677	1069.0	528.0	20.0	22.0		0.012298808294908906		0.04011088614362337
NP_597709	353.0	181.0	7.0	20.0		4.314719846154614e-05		0.0005384019981940758
NP_612398	235.0	95.0	7.0	9.0		0.025989266378949993		0.06761957370326475
NP_620137	717.0	348.0	23.0	12.0		0.8557229072736774		0.8963228992246183
NP_620305	1079.0	559.0	37.0	27.0		0.18282182493635693		0.29266137284251187
NP_653173	320.0	173.0	7.0	11.0		0.04204652243199168		0.0973173543385614
NP_683692	1119.0	585.0	24.0	20.0		0.14814587574991678		0.25308253773944117
NP_689969	646.0	363.0	24.0	18.0		0.41320827430622165		0.5067981825892548
NP_705833	567.0	296.0	21.0	20.0		0.06556048747981157		0.1337094195106379
NP_733751	889.0	494.0	21.0	24.0		0.018164312225812756		0.05161542186938872
NP_803187	246.0	118.0	12.0	16.0		0.011996295869630648		0.039573987523953975
NP_821074	449.0	231.0	14.0	9.0		0.6566637610013261		0.7304748039045759
NP_859066	552.0	268.0	13.0	26.0		3.6352729569015166e-05		0.0004742378811957888
NP_872363	1175.0	604.0	48.0	26.0		0.9004057043300724		0.9229158469383242
NP_892017	850.0	437.0	21.0	19.0		0.09041380217798013		0.17184610082834634
NP_898868	1007.0	519.0	29.0	22.0		0.18003968296044312		0.29266137284251187
NP_940890	1445.0	721.0	60.0	59.0		0.00045916042466013807		0.0035615957264178277
NP_942133	652.0	312.0	12.0	35.0		1.1549043701723287e-08		8.286438855986459e-07
NP_958782	1756.0	923.0	66.0	37.0		0.7523404838371832		0.8086955762594441
NP_976049	153.0	75.0	8.0	13.0		0.014933688032607063		0.04709855456437612
NP_982261	647.0	323.0	20.0	19.0		0.05698765855801202		0.12485082447442328
NP_982284	832.0	430.0	25.0	16.0		0.5075548814804194		0.5994578229830467
NP_997006	825.0	421.0	37.0	23.0		0.48678115014890233		0.5845447284214852
NP_998754	888.0	445.0	21.0	34.0		3.225151631970387e-05		0.00046280925918775053
XP_003846661	884.0	459.0	27.0	15.0		0.8693381256882664		0.9013208990532388
XP_003960280	743.0	407.0	20.0	19.0		0.09205052380058673		0.17380592322873942
