	fisherFDR_PAM50_LumA_not-LumA	fisherFDR_PAM50_LumA_LumA	fisherFDR_PAM50_LumB_not-LumB	fisherFDR_PAM50_LumB_LumB	fisherFDR_PAM50_Basal_not-Basal	fisherFDR_PAM50_Basal_Basal	fisherFDR_PAM50_Her2_not-Her2	fisherFDR_PAM50_Her2_Her2	fisherFDR_ER Status_Positive	fisherFDR_ER Status_Negative	fisherFDR_PR Status_Positive	fisherFDR_PR Status_Negative	fisherFDR_GATA3.Mutation.Status_False	fisherFDR_GATA3.Mutation.Status_True	fisherFDR_PIK3CA.Mutation.Status_False	fisherFDR_PIK3CA.Mutation.Status_True	fisherFDR_TP53.Mutation.Status_True	fisherFDR_TP53.Mutation.Status_False
NP_000043								0.22933342702189247										
NP_000156		2.986342319700847e-06																
NP_000170						0.0011532618285376847												
NP_000204						3.644083395612492e-12				6.940737455989263e-11								
NP_000215					0.00032239113024005333			7.659812729900204e-08	0.39890574063664036									
NP_000290						3.603336076755717e-07				1.75074139917407e-11								
NP_000338						0.02831211911325525												
NP_000359				0.01472238923163164														
NP_000393								0.0701879207139336										
NP_000413						2.9196369589475543e-05				0.00011238822383916646								
NP_000415						1.2379454302308858e-24				9.174040318948375e-18		2.3743965582899523e-08						
NP_000480	0.37711468362660916			0.06232614607179127	0.6590516813917618		1.0		0.06011934975667198		0.469286698175664		0.2620918558307765		0.04133111023905517			0.38883650960168076
NP_000928				0.27163523225828584														
NP_001001924																0.3330968361629172		
NP_001002295		0.024115802192650318														0.1366422856372452		
NP_001002814	0.20958471129187461							0.132703711685791										
NP_001002909								0.11606450261420574								0.11790212748593452		
NP_001002926						0.0014166118034358171												
NP_001003408	0.7176134276183619		0.0006549248760569323			4.114802215279399e-05	1.0			0.00023845363210251938		0.009763740827058592	0.0830638111405084		0.00230778770021931		0.1473926635679833	
NP_001003698								0.06355682059699282										
NP_001005751		0.018943854690933196	0.7557738306835629		0.1494690087089061		0.6115772166199943		0.05024254192028321		0.01833453599374851			1.0		0.00013924238673920168		0.18007915503775976
NP_001010883		0.002991189764174725																
NP_001010924						1.1281684632627506e-06				1.290171163842126e-05								
NP_001011713								0.018324696001328706										
NP_001014436																0.0017966151610925344		
NP_001014972		0.5231734820623294														0.21074592690521118		
NP_001015055						1.069691898923622e-05		0.15324009603039543		1.692627274672126e-08		1.903018635321685e-05					7.830696742565941e-06	
NP_001017915						0.0035673758219572456												
NP_001018077						0.0011532618285376847				0.002152634499020688								
NP_001019837						0.022056432358014733												
NP_001020262						0.47795809176690096		0.14232351404434943		0.01965045166699742								
NP_001020272						0.010827036606983987												
NP_001020766		0.0003588658734819624	0.5318523256743836		0.014240332546402385				0.0060770264671978335		0.3756617120970227							0.0003576875305224957
NP_001025053								0.538751596696		0.00026099609894392054								
NP_001025055			4.0887288727879635e-06			1.3704757209726354e-17				5.021458781715588e-14		4.621469868874525e-09			0.00021611323339362656			
NP_001025226								0.2884679156766056										
NP_001026855						0.001937909135564161				0.00017828030571309905								
NP_001027454	0.45505579873229596		0.45823091833920815			0.11806427326923068		0.6438733783004914		0.21755412640925648		0.262692331225019	0.06711150389530687		0.32231841918758203			0.7106753406634362
NP_001028733								0.27917137803048225										
NP_001030128		0.7203799660745595	0.0002686508222683207			0.0017734792121934257		1.0				0.11980931995735039	0.21369648349912002		0.32231841918758203			
NP_001032242		0.8924393809941841		0.39943655945975093	0.6748470537852818		0.8300644849812122		0.9487981790066841		0.48781397095994694		0.4408570113556119			0.5740867466488625		0.9115187202986954
NP_001034558								0.25774230502563567		0.10974121741465678								
NP_001034797								0.015321507145355203										
NP_001034966								0.32764073718317144										
NP_001035784						0.0002082451906613778												
NP_001035905		0.09311248932121624																
NP_001035919		0.14046919920213718	0.07279507814219738					0.8459513360781428	0.6861556081738706		0.879265421464045		0.8988436648618484			0.7749667031234703		0.14284034087528422
NP_001035932								0.2884679156766056										
NP_001035957																0.007550138894959086		
NP_001041648	0.3817212056656534					0.41070732353911665		0.29413130585563957				0.435384973633435				0.8748856042515135		
NP_001058								7.89635547249535e-09										
NP_001059		0.5154697061089567	0.0101842559927018					0.026811582345834337		0.6827012590720175		0.38760004277010585		0.04816284590177712				
NP_001073860				0.7305206048708943			0.03164119291787284				0.7712174739108555					0.12682609914625792		
NP_001073883		0.23621765986123366																
NP_001073960						7.025860140705227e-14				6.709058025285045e-13								
NP_001074295		0.0006417255747767131																
NP_001074419		0.10887043712681																
NP_001076437								0.04433812509118141										
NP_001078927	0.37417873981697986		0.0041833791584480196			5.788375256913405e-05		0.8310719750492032		3.6256461294451035e-05		0.00010315905605188411	0.16157586583196384		0.00230778770021931		0.2414640394297646	
NP_001087194						3.328562092388819e-05												
NP_001091868								0.0007853177666577104										
NP_001091886		0.0013319253360711961																
NP_001092108														0.7932842883153268				
NP_001092879						0.0012586308315269833												
NP_001092885						0.01996328830237291				0.00530590550980044								
NP_001094089		0.30985259048024183																
NP_001099032						0.0047442861056870775				0.005516885023500751								
NP_001102								0.01800344117506998						1.0		0.44084341964518664		
NP_001104026		0.006861184560952671	3.844713921682078e-06			0.0016756403568399638	0.09823199324087777			0.040070512666221414		0.9590817307224222		0.17656236292367594		0.42853175196265064	0.692898361059716	
NP_001104488						0.00015940528262666136				0.018319085048205296								
NP_001104595		0.7203799660745595		0.39943655945975093					0.002774763824109401		0.04221309892094877							
NP_001106189	0.6602459763872928			0.9150439720518735		0.6535020442953682				0.6024850638431222		0.6469646969782179	0.8370336944879101		0.6869371580313227		0.11471318876146759	
NP_001106207								0.39826452873470164										
NP_001106963			0.16035347620922025			0.10024395183417796				0.32339229126195573		0.03282075050201166			0.33800372514146		0.1697783238331392	
NP_001107018		0.0006417255747767131	0.0009482223059260236		0.12038763398256051			0.3275369983966732	0.03281487445392747		0.008316419999509616		0.8370336944879101			0.3330968361629172		0.04221138411949603
NP_001107604								0.12292265066374038										
NP_001107854		0.29551258654967855		0.23632652598229795	0.014240332546402385				0.015662050134440563							0.012031658613759306		
NP_001120683		0.1054434781131466							0.05999896570496938		0.2882802601205331					0.0010477768786903276		0.20550492458224395
NP_001120982		0.6219238383222137	0.8863555241769817		0.7822162451889361			0.6871375875953516	1.0						0.27382684598187185			0.6391092859463434
NP_001121902				0.6336946031186774														
NP_001122390								0.24680529957836164								0.7379670851908171		
NP_001123539						0.00012371663467851401												
NP_001123544				0.7305206048708943												0.01398911756842465		
NP_001123617	0.4683724771781286		0.04232904340816086			0.010773618491992782		0.5057755556151838		0.021642366399304253		0.06186347525938265					0.16121042632579516	
NP_001123910		0.42893268282536307	0.009374100606887596			0.699961815580833				0.8606741806284872								
NP_001123917					0.7479931897944196				0.029633831000284817		0.00029813271668242364					1.3039115544830408e-09		2.896090938737779e-12
NP_001123999		0.19025038787334558		0.6116386153238497	0.023779137640332824		1.0		0.0016129422953801772		0.8913600874178963			0.0002599678627261036		0.45595814574037624		0.0003576875305224957
NP_001124317														0.01579961563761598				
NP_001127853		0.15362610324766116	0.027538744341821818													0.3843222625078831		0.7786795497171302
NP_001127854	0.7900740853404649			0.7198386205840658	0.41973249349759284			0.27917137803048225	0.28926128937999046			1.0	1.0		1.0			0.9115187202986954
NP_001127910			1.1141146130012349e-05			0.189580788694918		0.6293554333887748		0.7781564664284134								
NP_001128342						9.782619051264017e-06				5.020527887379111e-05								
NP_001128659																0.03908590304173829		
NP_001128712		0.18325803184085854																
NP_001128716				0.39106818177689123														
NP_001129069						2.5611666619060413e-12				6.878470530121811e-09								
NP_001129487			0.00013473286821988578					0.002664872951493105										
NP_001129663		3.8993660551015e-06	9.580366100914146e-06															
NP_001135452		0.2882780772999814	0.06341103513775449		0.7778854264409399			0.2074803691476867		0.21765601445678653	0.9383209033040323		0.41621682040577873			0.08816215073645706	0.05785996364683366	
NP_001136040								0.33347502612797364										
NP_001136157								0.09136126645458272								0.04630657660878057		
NP_001137474														0.062327853516748154				
NP_001137532						1.6655017050071838e-09				1.0532980691767056e-08								
NP_001138241		0.43175188593711566				0.10024395183417796								0.16647246510942257				
NP_001138678		0.17678138439779054	0.4720911709017062			0.46760984166753844				0.7958669031335638			0.06075209884974498					
NP_001139		0.028517778475482553												0.10710379569642513				
NP_001139143						4.4402430216382864e-14				5.756506015010096e-09								
NP_001139488						0.00209112915814731												
NP_001139699								0.12903651186661036		0.006723665249147617								
NP_001153575		0.29420044606294565						0.35439943514218414								0.009368589768091953		
NP_001155856	0.008779039041502618		0.06820267341663622			1.6615110095501181e-09	0.45277194639094004			1.3248950576093146e-07		8.425983947735887e-06	0.19319080025993068		0.6685082800008865		2.7032742099657353e-06	
NP_001156425								0.27194005558116563						0.009607738538092197				
NP_001157745								0.6438733783004914										
NP_001157789		0.10819794751794505		0.7323661368558789	0.03459435678594099		1.0		0.38226446075404247		0.32912246211665774		0.4162096274370215		0.9320229022877682			0.13256098885574366
NP_001157852								0.2715803617342883		0.054706074208291426						0.013775183771234042	0.03661720049925711	
NP_001157918								0.04834948059286317				0.004805057591956369						
NP_001158136		2.2332451711079815e-05		0.4422791258501384	8.534750221835537e-05		0.0012664067782541205		3.7204628045435954e-07		4.951010444267079e-06			0.38099990083019253		0.2217894289212404		7.131629378541002e-07
NP_001159477						0.00995718163918515				0.10790293677707952		0.0011480371345847572						
NP_001159581		0.0013319253360711961														8.569832812384719e-05		
NP_001159633						0.0003139369909672259												
NP_001165780		0.1040095942710865																
NP_001166171		3.907111348833879e-11																
NP_001167459				0.003939911293956021														
NP_001167558								0.036644804329274985										
NP_001167567														0.09267562373537747				
NP_001171894				1.0	0.014240332546402385									0.061210455151927974	0.7115200755516965			
NP_001171914								0.3093905152302918				0.24893898755143296						
NP_001177666						3.5342272191361224e-17				1.3619152654134474e-15								
NP_001177916		0.010320445434135178																
NP_001180237		0.3002957346656134																
NP_001184033						0.008223294275865125		0.6356781871332942		0.020828829195759898								
NP_001184223		0.014839138131028112												0.30568685109934424				
NP_001186064						0.0029063652695095056												
NP_001186308		0.31630458071215467	0.11858207286487599					0.12805554859970658						0.3700638249476376		0.5868954144837869	0.9132962812251356	
NP_001186346						0.6584810829887747												
NP_001189472						0.021652743243356653						0.10423980216742394					0.24856651503841362	
NP_001191315	0.37417873981697986		0.4599472110579937			0.0036495339485787337	0.783312932374594			0.018319085048205296		0.005334028450391745			0.10593653937412263		0.284029633538315	
NP_001191332	0.5782764698429087		0.29555441820114725			0.020040403267059574	1.0			0.028641931829848345		0.24823787237391332	0.8988436648618484			0.10439454610485709	0.4458479350761177	
NP_001191397		0.3002957346656134																
NP_001191676				0.1324948952673525														
NP_001193937	0.4994209692524489		0.3219976373518325			2.167321960321962e-05	0.03164119291787284			0.0014219812711323073		0.032194189057775	0.013067285263302716		0.006521691559641227		0.022132396801276173	
NP_001193946						0.00015226173973525748												
NP_001193980	0.12492191525581205		0.22610181267571242			5.507224263010603e-05				0.00023845363210251938		0.0010452749353416452	0.20750727658870624				0.009211235534370157	
NP_001229372								3.177150539841556e-16										
NP_001229510								0.015206331398372137										
NP_001230368		0.044661665534393026																
NP_001230685			0.001911848399060618			0.001710304998280731		0.5720360196407489		0.009933397341830734								
NP_001231931								0.3807601655845004								0.0005528032508908441		
NP_001234918	0.37417873981697986			0.31413162698006475	0.09416530897318534			0.05073831519190778	0.01766566637546259						0.39494375165871937			
NP_001240628		0.08382046138619755		0.15426239300638395					0.000997814883018868		0.013530552456986564					0.05589588790225644		0.011157709525879881
NP_001240841		0.4019071046569543																
NP_001243111						4.399351465948693e-06				6.26075269595077e-05								
NP_001243399	0.16394939708915468		0.547813147150296			0.0018412215114447469				0.02440058025953218		0.012874719035445537			0.17656715609082085		0.005290867938762481	
NP_001243415		0.0973479834699861							0.034719586825559784					0.15472225664837969				0.037484830495301096
NP_001243806						3.163809710211687e-05												
NP_001244								0.054432702218723775										
NP_001244904				0.0017896808033519935												0.0010477768786903276		
NP_001245303		0.030003995722459754	0.8866047874446582		0.07669218998296722		1.0		0.015662050134440563		0.0074018679054643054		0.44851504931488895			0.11790212748593452		0.4788263966151807
NP_001245308		0.0973479834699861							0.10968127443358718		0.04442233849150118							
NP_001248337								0.7089912244347656										
NP_001248357						2.5450680230407447e-07												
NP_001252518								0.00017286796307465618										
NP_001254489				0.00015918227725999912												0.0013034271683976459		
NP_001258898	0.029177939055121827		0.3953998410181017			0.13779170619616132		0.026811582345834337		0.0034536030786799384		0.02237008902083426			0.39494375165871937		0.03765952657001048	
NP_001258928						3.2538680079865334e-11				1.24206906960837e-08								
NP_001264	0.3472162215197622					0.11434826101402555		0.8306629708050549		0.06765551252336631		0.20186765133627588					0.4405846605864655	
NP_001265138		0.2717263037613181	0.02489399664783779			0.20305112564288197	1.0			0.6832308869784532	1.0		1.0			0.042514120546652004	0.6927544403568062	
NP_001265389														0.09267562373537747				
NP_001265586						0.0017734792121934257		0.15915498413962734		6.39809876958407e-05								
NP_001265612						0.0018412215114447469												
NP_001303								0.007538767051928829										
NP_001323														0.804748644114788				
NP_001354																0.31678636776674995		
NP_001408								0.007085052439278513										
NP_001419						8.02695080116874e-05												
NP_001422		0.011840529035303112	0.0017763241683935688			0.08753962201413024	0.15193176082911342			0.6638491845855645		1.0	0.2620918558307765		0.8784458412384234			
NP_001444						1.068415078541125e-11				2.0028919404619463e-09								
NP_001446								0.0007853177666577104										
NP_001491								0.07631876074225691										
NP_001509			0.0009368380999208221			2.4452738279258324e-05				2.158513034967396e-05		0.0011157453013932246					0.012952283287519153	
NP_001531		0.0697546218863485							0.23898605941006346					0.5654729677180274				
NP_001605								1.0										
NP_001611		3.91906152898201e-20	1.1825170062353023e-11		2.0481469293997517e-18			1.5836577658225353e-05	7.226007300591115e-10		0.009435389267373771		0.8370336944879101			0.17623157363405556		0.00015842556145719564
NP_001615																9.134226725225455e-16	9.925392765825635e-16	
NP_001640		0.11067727681003547												0.6035803026721369				
NP_001645																0.02168917838804783		
NP_001661						0.00047024685323518916												
NP_001777						0.00014560738463477064				6.26075269595077e-05								
NP_001894	1.0				1.0			0.7089912244347656					1.0		0.689192931485174			0.9115187202986954
NP_001895						0.03639952450496616				0.1034080364179909		0.004205794370713445						
NP_001931						0.02626216638651518								0.1718091207012778				
NP_001950								0.14186243203125778										
NP_001972	0.4994209692524489		0.45446162741034196			0.8511484858360875		0.0474815362493656		0.40631990847044347		0.5791031902740136	0.8988436648618484			0.7755412672801753	0.7349827362004036	
NP_001978	0.002992480411313247		0.0014367836511579325			7.52942701401822e-07		0.16920205702734742		8.988912952579317e-05		2.1713137219784282e-07	0.06711150389530687		0.00407782863400277		0.6274915970177538	
NP_002005				1.6656915015348234e-05														
NP_002087		0.6120537952853725																
NP_002094																	0.006154502799857744	
NP_002105								0.0691107188699447		0.7337157115391723								
NP_002130				0.30781509915653515													0.041037540658967586	
NP_002212			0.0031797500777848223			3.164241139445602e-09				7.450299383208545e-07		1.0845824677834771e-05						
NP_002215								0.04368190256417183										
NP_002264		0.0021033224218257054	0.0010483854150712024		0.02004848077244748			0.05073831519190778	0.3154254576185131		0.34268634935731845					0.44084341964518664		
NP_002267			0.6495118251296189		0.9088096336133755			0.11606450261420574		0.12668125383565307		0.3021236341840043	0.5918723411316834			0.3231616641526299		
NP_002289						6.931402443963518e-08				4.032400980481454e-06								
NP_002330				0.26991721775761934														
NP_002347						0.021652743243356653								0.48868876173597026				
NP_002364		0.0011678936378680075	0.035704511095714916		0.5115149100014704		0.6943052319032796		0.04961754889253589		0.17414192298558445		0.44851504931488895			0.0010477768786903276		0.6485553659755434
NP_002365						3.860224683383706e-41				5.281905338790605e-33								
NP_002366		0.0504365359710628	0.17415235913589863		0.24235190574123425			0.47156207158220237	0.38226446075404247		0.3250159052318275			0.04816284590177712		0.11790212748593452	0.7614498217674673	
NP_002410						0.00209112915814731				4.4777873351542464e-06		4.153259021705255e-06						
NP_002435						1.987217984425054e-05				3.460714241053101e-05								
NP_002471		0.29551258654967855	0.015054820150408574			0.18135980601737559						0.4641199187061763						
NP_002472						0.01635785010345801												
NP_002473				0.5833842126406165												0.19350031947661303		
NP_002492						0.13805568367961732												
NP_002547	0.3817212056656534							0.08631627432140006				0.5478623992880449		0.6299728731260007			0.6090053523190319	
NP_002568						0.1259389628342794				0.3371705464056977		0.7532438745142255					0.46168799995077087	
NP_002574		0.05020761096764832																
NP_002645								0.11606450261420574										
NP_002705				0.13185134758457678														
NP_002826	0.11425192969649099			0.5833842126406165				0.0700659449260862										
NP_003001		0.000555686494251707																
NP_003038		0.5329153851406084																
NP_003119		0.5154697061089567	0.007779345497424054			0.017032974655814177	1.0			0.13452573459180486		0.4486356070993096	0.0830638111405084		0.00024943627557470435		0.7614498217674673	
NP_003137														0.17684108620379616				
NP_003147						0.8477529436186958				0.00012031062166093297		1.7340597190217762e-05						
NP_003161								0.036644804329274985										
NP_003213						0.0012835976645162593												
NP_003248		0.07975085101443898	0.00012076876559674313			0.021428494084906144	0.7202067665726517			0.3456431615489254		0.24823787237391332	0.4128583158540549			0.4792883908869995		0.7520742903907092
NP_003278				0.017887578040297277														
NP_003283			0.05775131557129536			0.10770181725733206		1.0								0.0213754786365192		
NP_003293						0.03959422774356663												
NP_003302								0.00030647201354134254										
NP_003350														0.0002053013576472824				
NP_003362								0.12273613352646429										
NP_003371		0.5154697061089567	0.01691523159041134			0.1378453495635162		0.6846269548016245		0.22680044185462242		0.6118463532096702	0.7985648308354912		0.6685082800008865		0.0526202474294624	
NP_003379														0.09267562373537747				
NP_003452						0.0018193516181998297				0.018319085048205296		0.023079479065394627		0.6299728731260007			0.00899297679328192	
NP_003463						0.0002933121053081676				0.0001001238295102037								
NP_003473	0.32614936216712254			0.21724047838132213	0.4896507463590137				0.04961754889253589		0.8244936381864473		0.5918723411316834		1.0			0.820158140116368
NP_003479								1.5836577658225353e-05										
NP_003598		0.048756452164149894						0.8214677052225147										
NP_003600				0.020056262304850636														
NP_003602				2.870478891483738e-06														
NP_003612								4.679475775044956e-07										
NP_003617	0.6347330924387582			0.3508780935580889		0.7383892808545014	0.8089478323663817		0.9487981790066841		0.879265421464045		0.8988436648618484			0.5314561994370077	0.49852307468831686	
NP_003619		0.19710386638213825		0.17389101398612666	0.7416515299295471		0.0012664067782541205		0.05024254192028321		0.35952320608772603		0.04637035335582913					0.009732714646657469
NP_003642						0.0004450977278147733				0.0002979674945447246								
NP_003695																0.0022073358391031493		
NP_003740						0.3566977838814405								0.10710379569642513				
NP_003749								0.12805554859970658										
NP_003812						0.0003057853996920786												
NP_003864														0.09204885516814654				
NP_003886								0.4332686525840203										
NP_003891		0.18767314503089005		0.08240504889955493	0.07532911757108088				0.007946945148854271		6.836108658153582e-05			0.0002922647663567028		0.5314561994370077		
NP_003900				0.0007120464083658995														
NP_003904	0.013244194352004374			0.39943655945975093				0.2884679156766056		0.054772152012945094			0.16422822383968522				0.08855782515020194	
NP_003913				0.01472238923163164														
NP_003933						0.00020639040938843825				0.0003069148741536996								
NP_003971								0.02203656858851037		4.453990651219798e-09		5.473068318112991e-10		0.5676061651100558			4.818181064355661e-05	
NP_004086								0.36384040058595496										
NP_004087								0.00016077620127161906										
NP_004095								1.3693125444515275e-09										
NP_004136	0.5867393091934235		0.7694712208863944			0.24073936262021672		0.8459513360781428		0.3082499472913916		0.1254688892984407		0.8063683154136387		1.0	0.7858427338353589	
NP_004148		0.6219238383222137	0.5248294103048725			0.0761609627772077	0.3148127001745473			0.3819060395871517		0.6544007211709847	0.19319080025993068		0.9448218537005805			0.9115187202986954
NP_004230								0.1867351814689323										
NP_004282														0.10710379569642513				
NP_004299		0.7117329932613358	0.2010825626559443					0.3294224247791411						0.1718091207012778				
NP_004300														0.04816284590177712				
NP_004324				0.0052514294898968064														
NP_004332								0.613785887175725		0.003453633538787108								
NP_004386						0.6710493793453688		0.11606450261420574		0.01601526954802933								
NP_004406	0.39625887165868046		0.5248294103048725			0.00209112915814731	0.45277194639094004			0.008589953565213365		0.2043527692469676	0.31375238909000147		0.7765531560147036		0.0018832757398880306	
NP_004437								0.07487123100574349		0.010907510669609254								
NP_004439								3.773308206851134e-38										
NP_004477								0.023016820988326428										
NP_004482		0.011338086530554556							0.11962864389371955		0.009435389267373771					0.022158960851005105		
NP_004563		0.0017600832434055147																
NP_004681		0.31060893969083125																
NP_004689										0.005551677254772121								
NP_004694		0.0014042412997078784									0.012366019028344383							0.00019773420733254247
NP_004710	0.07546588921547938							0.020230232138369345										
NP_004725		1.6860951341222016e-06																
NP_004726		0.8901396737451368		0.2053352487939144	0.06305765389151018			0.7358981917390943	0.2380697709659679		0.6372174728578044			0.1718091207012778		0.009450755092446854		0.009446004818638153
NP_004729								0.0003657798354568439										
NP_004738	0.3330140531550585			0.7305206048708943	0.6748470537852818			0.10907257263579474	0.17080767555155885		0.08016819228380435		0.21369648349912002			0.00028882403960448156		
NP_004765				0.002015486108440959	0.023779137640332824				0.04823812967512657		0.31979052446192346							
NP_004806								0.1256232150971527						0.0560616713398538				
NP_004808	0.2997815274252275		4.360816888734058e-05			7.738215595820671e-08	1.0			2.0910923935498758e-07		5.0695995235862076e-08		0.8596228080864167	0.30552718041784005		0.029837125216117675	
NP_004829								0.019234066648767513										
NP_004841						0.027034682779284343												
NP_004850		0.37477890906660233																
NP_004901								0.0474815362493656										
NP_004915		0.17483176322489324	0.10214222767637464													0.7835494410841848		
NP_005008						0.12878431898562676												
NP_005057								0.08631627432140006										
NP_005069				0.004056965347938348							6.193581912297288e-05							
NP_005076		0.43175188593711566	0.022770867006532993			0.17239738778722327				0.034019052266229595		0.1744016612759217		0.34973865380834795		0.029417477515357143	0.19554389381039936	
NP_005086		0.48729696149804097		0.17389101398612666	0.07532911757108088				0.026575125166145356		0.01922446968945694							0.3840619947060713
NP_005091		1.1564462425671523e-10																
NP_005110		0.07283604147064997	0.0031797500777848223			0.12878431898562676	0.7351372174492188			0.43211134955779573		1.0		0.8639342287445014		0.64666153070258	0.9363529152953008	
NP_005119					0.0005643423612288629			3.897875375093892e-05	1.0									0.27717337255687735
NP_005154		0.7300211411071981	1.0		0.5970943111990896			0.41032557290570343	0.38226446075404247		0.9383209033040323			0.17069329963856605	0.4417060885141576			0.7250095597753855
NP_005222		0.29420044606294565		0.5275608481465887	0.07532911757108088				0.011769348819911677		0.020661591410889715			0.6861601274997973		0.009177604922480376		0.686313630125401
NP_005242						1.1590149669939731e-07												
NP_005246				0.13922923758097472														
NP_005325						0.17676812453524665				0.06773652181776547						0.018919972881700452	0.1473926635679833	
NP_005327						0.00010233368824317511		0.5265010014963113		7.448727757261551e-05								
NP_005349	0.07097868377403835		0.0262911049430034			0.0003057853996920786		0.28397680239243644		0.00034303958519825276		0.00010877640097990823	0.8988436648618484			0.08598906524572593	0.1054048853785052	
NP_005372	0.09219035793548495		0.22610181267571242			0.01482824663126503		0.24965592097974182		0.011780861228240293		0.009471903504901666			0.18390507279197185		0.03765952657001048	
NP_005392						2.2634241226960158e-07												
NP_005405														0.15472225664837969				
NP_005426				0.6336946031186774		0.08281042288439952	0.03164119291787284						0.0830638111405084			0.1043645238984904		
NP_005427								2.6883406555777535e-05								0.413760503188443		
NP_005446		0.39586097163937745																
NP_005484								0.041946185983263065										
NP_005535				0.06176160247988588										0.010282144537168667				
NP_005545						0.00048236645581376756				2.2718405790242747e-07							7.830696742565941e-06	
NP_005547								0.0001463287512530511										
NP_005549						0.0012943711249227322		1.7203388921551052e-06		4.453990651219798e-09								
NP_005564				0.13922923758097472														
NP_005586								0.04075308330736179										
NP_005602														0.5654729677180274				
NP_005624						3.954975475962297e-07				1.2131428191035706e-06								
NP_005641						0.0029063652695095056		0.054432702218723775		6.795727306021632e-07		8.520181439183282e-05						
NP_005704				0.41369619937410823							0.16084123124299105							
NP_005742		0.29321410573114526																
NP_005753	0.07180741474083575			0.1622197502688569	0.0024972428427519205			0.00042956348228575636	0.005849549124188976		2.7559951943290747e-05		0.023651377416245532			6.605411058353897e-06		0.14284034087528422
NP_005766		0.031879504427641654																
NP_005773								0.09990260850066902										
NP_005804			0.0008627073923465646			0.00016280480460615537				0.001367994998815536								
NP_005808		0.15587358072704469												0.04816284590177712				
NP_005810								0.03546305363155196										
NP_005839		0.6710037287498426				0.01617311243452263												
NP_005844				0.022556318499033987														
NP_005875								0.003572117873024239										
NP_005886								0.037937159117754145										
NP_005900	4.240136485934318e-34			0.091767954500216				3.859884159767133e-17		0.1034080364179909		2.1880563682299465e-06	7.35102679891857e-09				1.500517522089664e-21	
NP_005928								0.36384040058595496										
NP_005957						7.205335667481168e-05												
NP_005958		0.7203799660745595														0.0013783421898161357		
NP_005959	0.7811092516563477		0.28052501983638584			0.08533621742582922		0.8459513360781428		0.31886941320842355		0.18256457259165582			0.28876009968982325		0.3472450890402452	
NP_005960				0.31413162698006475												0.03232229492599816		
NP_006022				0.1602054259045099														
NP_006080				0.033191115923831														
NP_006139								0.198688407292365										
NP_006176		0.29359317220236597	0.2281911708359221		0.035238130349191724			0.024328388066385136	0.1659359598928365		0.879265421464045		0.2620918558307765			0.01738737592410173		0.516472561126126
NP_006188		0.10887043712681		6.497006428050787e-05	5.167338165228152e-07		0.0037309192592293603		2.537937406429237e-12		1.2968905007169256e-16		0.004129994141382671			0.28208121551693977		8.414516725622554e-13
NP_006233								2.056614038660723e-05										
NP_006247						0.017355605584789865												
NP_006248						0.0005300505762409074												
NP_006258	0.08040796860940307			0.7305206048708943		0.010429802087270538	0.6943052319032796			0.004747626530053631		0.17665929813420386	0.8988436648618484			0.0025905255377322487	0.3712030373166416	
NP_006266	0.6205402688295512					0.3566977838814405		1.0		0.3019847840505511		0.47738809628561996		0.2851642572002885	0.7115200755516965		0.6538170117357056	
NP_006280		0.10819794751794505	0.013009920584885716			0.11183038330776507	0.4533767069834501			0.51710307563685	0.5040267525674555		0.04637035335582913					
NP_006302		0.6545242197125465		0.17389101398612666	0.020182784356828635		1.0		0.002774763824109401		0.01150165101284111		0.2620918558307765			0.0049571288944216954	1.0	
NP_006303	0.37711468362660916			0.007358510854296415	0.01417987308004441			0.5241850740937446	0.002774763824109401		0.0025872202264930555		0.8874846513596161		0.18390507279197185		0.4371734625001325	
NP_006305				0.33111762444387627							0.07200695151339441					0.010516213717786825		
NP_006319	0.7864973948841182		0.0031797500777848223			0.0025883168829284953		0.7130606465420486		0.00518722907903725		0.191244862119247	0.8246170295300894			0.413760503188443	0.0526202474294624	
NP_006331								0.06617772777264999						0.5270940123229653				
NP_006358								0.07242176181042398						0.34973865380834795				
NP_006412																0.009872307945065767		
NP_006428		0.1718941185868023						0.4924110308049743						0.40768605438604844		0.6382927561557157		
NP_006448	1.0		0.29555441820114725			0.012629091955365065	0.4347816131355705			0.027706397183237842		0.01775734908982345	0.0830638111405084		0.30597538300893634		0.6916931592436928	
NP_006460								3.897875375093892e-05		5.833757470316297e-06								
NP_006512						0.1723200279942134												
NP_006531								0.8310719750492032								0.5105584014083064		
NP_006540								0.13887166735339235										
NP_006600	0.16654789787553573			0.08044983526526345												0.20889587307049856	0.24856651503841362	
NP_006608	0.004279175014843869		6.153706490273208e-11			6.904368877813925e-30				2.9860419513214483e-21			0.0520026325546526		1.822626442469265e-09		2.5681425160064153e-09	
NP_006654			0.0007216410713552343			0.003434616034249187		0.4201751814383293		0.002328952934320276		0.05560634795684221					0.022132396801276173	
NP_006658																	0.0007693315055381906	
NP_006717				0.014221104232589765	0.001963669496851567				0.0060770264671978335		1.0			0.6876207461891594		0.7956101113639232		0.3840619947060713
NP_006725								0.01260806114679627				0.00010910757253039797						
NP_006779				0.22777968068303855														
NP_006810								0.007471888907081132										
NP_006847		0.0973479834699861									0.15171216645996707					0.64666153070258		
NP_008835	0.07097868377403835					0.0014842260163116733				0.00611581537212984		0.032194189057775					0.1697783238331392	
NP_008872						1.9806774508970278e-10				1.24206906960837e-08		8.68387632596808e-06						
NP_008877								0.027172816535179646										
NP_008878								0.14186243203125778										
NP_008998								0.08532016217619594										
NP_009045		0.31830320182241184			0.008377442966701643			0.18342431163552178	0.006489134730201511		0.1766694780844291					0.684769174065897		0.06648285599526406
NP_009057						0.24654225487296302				0.22066667630443287					0.258007167843813		0.1697783238331392	
NP_009114						0.3566977838814405				0.24896542068020194								
NP_009131	0.5709820794389662		0.014711109947840056			3.9510810594416574e-05	0.6943052319032796			0.0004629800292762359		9.04896490899339e-05		0.869193609759316	0.8784458412384234		1.0	
NP_009135				0.5833842126406165														
NP_009178		0.5854328453250041		0.9099866507770697	0.4461535868542522			0.7354925827213346	0.727504958729323			0.6165843817760417	1.0			0.08455699622884352		0.29199874884394245
NP_009217		1.2167819371148323e-08	1.7224704839886793e-07			0.16640542995383012	0.0012664067782541205			0.9210856482685112	0.1822152994291093		0.06711150389530687			0.09127033731583237		0.0016856714782149396
NP_009297				0.18622675979056388										0.19958596702684794		0.357735174935795		
NP_009298										0.06522353471118915								
NP_031385				0.3165388698173346														
NP_036222	0.8933623652117848			1.0		0.20825482664744316	0.5496957169509248			0.4323104982429928	0.879265421464045		1.0			1.0		1.0
NP_036228		0.11067727681003547																
NP_036233						3.4222160561065205e-07												
NP_036252		0.6219238383222137	0.43096307684522855		0.7822162451889361			0.30287993728564316	1.0			0.9040157428318099	0.8988436648618484			0.45595814574037624	0.5039812486751521	
NP_036288			0.7975486464249372			0.0025883168829284953				0.04050647468299039			0.0830638111405084		0.27387194728046865			
NP_036350								0.27917137803048225										
NP_036387		0.7300211411071981	0.6370365502609013		0.5790914252500229			0.14682603578782397						0.6299728731260007		0.8748856042515135		
NP_036440								0.01606340015760937										
NP_036441	0.0002887722723658537							0.11487557843952981		0.001292450745205715		0.014193289641204922				0.09074623734650729	2.5681425160064153e-09	
NP_036549								0.04466540176244272										
NP_036556		0.1789976102973531		0.6122564208819133	0.6292162765218966		0.26627597853279816		0.08416519706180184		0.2512315842462597		0.6691065565884461			0.6971805365407626		0.2422469011175255
NP_036565		0.5548148784512731	0.20143950355176596		0.29470304316844925			0.041946185983263065	0.5090633201021053			0.5942569232797673			0.9040264372487246			0.27717337255687735
NP_036614		0.05731366779237045																
NP_037373								0.009159190405420842								0.004985330046395527		
NP_037418								0.02555740073311101										
NP_037450	0.028219665007538065			0.000366347872751034	0.014267854641439644			0.4208927702554729	0.46824458922223905			0.0404555812644035		0.6886385414199381		0.1829720787726676	0.07867636142207031	
NP_054706		0.7335419206447787	0.07279507814219738			0.012814380980093774				0.06224013755140726								
NP_054749	0.14747493619911028			0.7809607859620318				0.14615496745553622				0.6956580359288219	0.8246170295300894				0.15995114451147766	
NP_054767		0.0014646337027340378														0.0022073358391031493		
NP_054790																0.014372216476377521		
NP_054831		0.20739411146051542		0.15426239300638395	0.1494690087089061		0.07604272338834651		0.01766566637546259		0.0013454327167745255		0.19319080025993068			0.004852120344343587	0.9281702395890682	
NP_054878				0.033191115923831	0.06349304148038881				0.05024254192028321		0.1822152994291093		0.8988436648618484			0.06616373071979056		0.8158309803011554
NP_054908		0.014666253073268149																
NP_055053						4.8674574829787605e-09												
NP_055055		0.03450082144967105									0.879265421464045							0.09159932078546582
NP_055082														0.1718091207012778				
NP_055131														0.029913643832031305				
NP_055144	0.4994209692524489		1.0			0.008467945241793689	0.19662570142977506			0.12668125383565307		0.4764088309533787	0.8988436648618484		1.0		1.0	
NP_055160	0.22808310739359808		1.0			0.0010226326044841744	0.15193176082911342			0.056320368137634115		0.18804569461789655	0.8370336944879101			0.7379670851908171	0.039666467188023205	
NP_055205						0.0029063652695095056				0.0019686576959072406		0.0053678494397237505						
NP_055315				0.3296513781553925												0.756662754415474		
NP_055385						0.057926387546344736		0.24097653466788727		0.04868800817086918								
NP_055410								0.07749200184274958										
NP_055412			0.00012973674839597703					0.0011941618258673077		0.0016167088362760045								
NP_055418								0.11606450261420574										
NP_055422								0.029227371680446486										
NP_055430								0.019874874511960898										
NP_055445														0.6299728731260007				
NP_055446						0.14944452253093965												
NP_055456	0.005377410585405218			0.23632652598229795		0.0008140397326380759	0.12389899128374907			0.006858343261390352			0.06075209884974498				0.00037176250433294166	
NP_055475				0.2407606439270902														
NP_055490		0.014839138131028112																
NP_055535		0.31830320182241184			0.135320496308775			0.11943248484599878	0.6578345926069673		0.879265421464045					0.19350031947661303		
NP_055542	0.3817212056656534					0.21800792545422126				0.603508863187871		0.7642069896215282					0.7858427338353589	
NP_055548		0.00854444119656691																
NP_055554	0.7448248220166129			0.584740827997669		0.37513884475204434	0.5774019111775838			0.7958669031335638		1.0		0.3784140156033069	0.30597538300893634		0.7740707833915911	
NP_055566								0.09942883324218114										
NP_055596				0.7399118038516215				0.16719979180596256										
NP_055599		0.31830320182241184	0.00765810476882			0.0005022353303776553	0.03164119291787284			0.014123761525092334					0.14338282406449118			
NP_055601		0.0032602198620575234	0.0009368380999208221		0.9210654058587471			0.8608355150401682	0.7331310962707394					0.0002599678627261036				0.14284034087528422
NP_055617		0.31830320182241184	0.2964657480223338			0.1411967626882271	0.2653178999123507			0.7552714692836306	0.879265421464045		0.16157586583196384		0.7765531560147036			0.26477514837408506
NP_055627	0.14671080708515294		4.079601076746648e-06			5.4981446757066336e-11	1.0			1.127929088712652e-09		1.9015564751162387e-05	0.056274581025881315		0.4278924903717881		0.00642153965598293	
NP_055642						0.0022276782082773427				0.005491326813780298								
NP_055647						0.05834255529311843										0.3666489331834284		
NP_055662	0.7900740853404649		0.26872578681280535			0.061823330895816646		1.0		0.03181725023975313		0.07530783917482005		0.4247543375332863		0.23855172095348212	0.2137600652905433	
NP_055681	0.027563108080665644			0.3296513781553925	1.2214809228432258e-05			1.9419414818597015e-08	0.015662050134440563			0.18804569461789655	0.37912691106794155			0.756662754415474	0.7858427338353589	
NP_055692														0.01433890972556737				
NP_055698								0.006298767342665927										
NP_055726		0.17483176322489324									0.43369197885813493			0.19958596702684794				
NP_055750		1.0	0.0008562610344480827			0.021652743243356653		0.22165041237309854		0.000541862767018557		0.0005042808247258217	0.4802079797874766			0.8382913057696633	0.525799066683616	
NP_055792		0.3385489284990575		0.7566329832892706	0.40055210748187836		1.0		0.46824458922223905		0.15171216645996707		1.0			0.17702370092045025		0.5387190780856755
NP_055816	0.12092926683303175			0.325699465481331		0.41070732353911665	1.0			0.25016108655062735		0.38330807298724995	0.8988436648618484		1.0		1.0	
NP_055820	0.019588097107331295							0.19113840903722173									0.006132290935387475	
NP_055831						0.046650567901389724				0.2549211914313492		0.02237008902083426					0.08388808989021126	
NP_055842		0.5154697061089567						0.004409506205364662						0.004480342944086797				
NP_055847						0.46760984166753844				0.519641185648394		0.006973112966204163		0.3746537570664926				
NP_055857				0.006141458352913129														
NP_055858		0.5882665466748819		0.23632652598229795										0.17020679081578097				
NP_055860								0.5859575824932138										
NP_055863		0.4019071046569543																
NP_055864								0.060953189515438176										
NP_055871								0.02704575641132269										
NP_055872						0.2512771573856096				0.0015737887130044044								
NP_055880						0.01620330237725594		0.012860446688460198		0.03181725023975313		1.5916854071830993e-05						
NP_055885	0.4994209692524489			0.029288164553467284	0.8309165955153817		0.4347816131355705		0.5360166212631037		0.8807399239633307		1.0			0.8995247596471755		0.14284034087528422
NP_055888			0.2590804056073644					0.004001335383070864		0.7337157115391723						0.01398911756842465	0.7858427338353589	
NP_055900						0.03206174172361714				0.10203253878842553								
NP_055907								0.3937999979175025									0.1473926635679833	
NP_055912		0.002614872801025322	0.2048281647623822		0.1634571112194775		0.8300644849812122		0.04961754889253589		0.9399933650796992		0.5266040101287336			0.29275142202991983		0.09265011743224076
NP_055915																0.14049346864932363		
NP_055919								0.0001295191008207446										
NP_055927		0.3573598771103755		1.0	0.14768635562020793			0.6332189466614959	0.026575125166145356		0.10405244797011345		1.0		0.7115200755516965			0.004001321782725402
NP_055940		0.0019063431984769823	0.37301178422256065		0.07669218998296722		0.783312932374594		0.015662050134440563		0.012366019028344383					0.007557874085052032		0.38883650960168076
NP_055966								0.027031480469201005										
NP_055968						0.3566977838814405				0.13452573459180486								
NP_055970						0.019987057054335556				0.012539477554167294								
NP_055972		0.00854444119656691	0.0010483854150712024		1.0			0.6871375875953516	0.29330207398419395		0.4869429230895639			0.34973865380834795		0.5436037946958235		0.26477514837408506
NP_055983				0.1302044397270001														
NP_055987			0.020646984084671492			0.0025577736452496174		0.5497395398554253		0.00033710931938880435		0.0005448931036287057					0.049472140278182954	
NP_055995								0.11606450261420574										
NP_056013						0.0013784427774844684						0.00444628737299686						
NP_056018		0.34657981734123716		0.5833842126406165	0.3350076014377379		0.8300644849812122		0.36913023023154634		0.32912246211665774					0.005917387729351272		0.7786795497171302
NP_056025																0.06497245646730831		
NP_056056						0.0011532618285376847		0.29955683247694187		4.7833123684353254e-05								
NP_056060	0.01445300883210435					3.2189787956373624e-05		0.8421636569853286		0.00018468469764228377		0.0036358501980925497					0.019340155050069613	
NP_056067						0.0002565886875167729												
NP_056069		5.994095407476031e-05									0.08170657205102415							0.0002786429421591751
NP_056073		0.36317879118185237	0.6495118251296189		0.9088096336133755		1.0		0.6861556081738706		0.4654220125454965		0.44851504931488895					0.4514558785445866
NP_056077		0.04619042417189996							0.08416519706180184		0.7712174739108555			0.000601451522511542				0.38883650960168076
NP_056079								0.02589544377161892										
NP_056093	0.03924642081436364							0.6436208960489508				0.05869936319826816	0.21369648349912002			0.04438455666821011	7.572938139905594e-05	
NP_056099				0.17389101398612666														
NP_056130	0.3980741035509279			0.06992572561767055	0.18331031588824223			0.7354925827213346	0.13042387190818688		0.4486668526919729			0.6876207461891594		0.3704491835551964		0.29199874884394245
NP_056131								0.025916300905185465										
NP_056134		0.04619042417189996																
NP_056140						1.4119163598025475e-05												
NP_056141						0.0062008035289999215												
NP_056163								0.011668312549184354										
NP_056171	0.014483854101535125					0.00028442587624783307				7.890363258629327e-05		4.679228701930697e-05	0.16157586583196384			1.0	0.0005129416302562829	
NP_056176								0.07487123100574349										
NP_056182		0.8632812508545934		0.26970476953335626	0.07532911757108088			0.8421636569853286	0.44235220590208174					0.34973865380834795		0.8748856042515135		0.7106753406634362
NP_056193	0.06152886477201917		0.6370365502609013			0.010147826020719721		0.6592089837012074		0.00038182892377245953		0.0020959398625522265		0.17164789110597092	0.14338282406449118		0.002559464022052429	
NP_056197								0.004919012734566417										
NP_056261						0.011073885601930794				0.005255104916331854						0.45595814574037624		
NP_056262								0.3900658595567004								0.14368204735886397	0.4818361647634881	
NP_056272	0.0006383873786440455		0.0009368380999208221			0.013081771666879459		3.551843724791683e-06		1.379116975656473e-05		0.0002767578323733079	0.21369648349912002				0.00037176250433294166	
NP_056276						1.2890012453281963e-08												
NP_056281								0.11179194928276347						0.34973865380834795				
NP_056285		0.00941167619279582	0.0006065289312763934			1.0		0.7358981917390943	0.9487981790066841		0.3756617120970227		0.2620918558307765		0.8784458412384234			0.15801347296180188
NP_056315								0.009159190405420842										
NP_056345								2.056614038660723e-05								0.45595814574037624		
NP_056364	0.5115788627702632		0.2964657480223338					0.019856393994548183		0.20013478990948955		0.08152563314604092						
NP_056371		0.8924393809941841	0.3156993490619965			0.36918801819156305		0.8638854952526603	1.0		0.8863973451647038			0.4963054833838317	1.0			0.4788263966151807
NP_056385								0.24097653466788727										
NP_056390		0.5301515631888499		1.0	0.9088096336133755		0.8942389584244562		0.9487981790066841		0.6846210337957296		0.20633279097744706			0.0187108407705295		0.2422469011175255
NP_056393						0.0005246058519709189				0.00414400584635753							0.017487337088923728	
NP_056450								0.07740850051118463								0.01398911756842465		
NP_056505		0.01077701633555308												0.17758593608420525				
NP_056506								0.3954755355576017										
NP_056986		0.5285837060568105																
NP_057225						0.19407528342845162		0.30287993728564316		0.10777223079757943		0.03780925137636531					0.08855782515020194	
NP_057227								0.41032557290570343								0.018175929860171143		
NP_057269				0.17389101398612666				0.061410546709171746								0.38970511110015926		
NP_057332	0.8933623652117848		0.2868034611022435			0.008271263571021736	0.4347816131355705			0.057566815917958765		0.06828200427230588	0.5266040101287336			0.715885046667225	0.3679303036918971	
NP_057404	0.6711106816355943					0.0796886763125523				0.108918680875994						0.11790212748593452	0.5039812486751521	
NP_057417	0.8933623652117848			0.7305206048708943		0.015199606971803474	0.006865401759628789			0.38007739368405913	0.9731655055112529			0.8296004260682648	0.5537638624060073		0.6378903924921104	
NP_057421		0.10239536086569177																
NP_057427						1.526167015907611e-13				5.137014576760813e-10								
NP_057455														0.08464047975701694				
NP_057541		0.11067727681003547																
NP_057591	2.7528860119171115e-10			2.4078400077909247e-06	1.5452615629233606e-07			1.0002462651289834e-05									0.0005186357193228949	
NP_057688																0.0028929610181666534		
NP_057710				0.02470162841541044														
NP_057712								0.41032557290570343										
NP_058519											1.2440993272850589e-05					8.84649703618762e-07		
NP_059990		0.4510056758094723			0.09416530897318534			0.23481300703993038	0.011769348819911677		0.4486668526919729							0.6787579131380745
NP_059995								0.00038927002943442716										
NP_060110	0.32614936216712254		0.001911848399060618			0.06068515163700051		0.007814271992752139		4.633441957431396e-06		5.5323023531254465e-05	0.0520026325546526			0.3843222625078831	0.24856651503841362	
NP_060115						5.6423431339224805e-06		0.8180482980772809		1.010250743724897e-05		6.765770059195114e-05						
NP_060117								0.05557627923996243										
NP_060130				0.3296513781553925		0.21549159758625838				0.108918680875994							0.0095589392642367	
NP_060149								0.4057304260484819										
NP_060224				0.022556318499033987										0.5654729677180274				
NP_060252																0.06903474297695039		
NP_060327		0.06468415675807543														0.009450755092446854		
NP_060360				0.35869321566184054														
NP_060362				0.05310957806970252														
NP_060395			0.030169311111038807			0.3616695168806055		0.4180584559294467		0.88868201352381		0.4803642094568805			0.7327609336005368			
NP_060404																0.45067054390937855		
NP_060427				0.25345978498514626				0.0007971594614834466										
NP_060496								0.0013522076867306923										
NP_060497										0.0004035628601981198								
NP_060506		0.2829495838843084						0.05073831519190778								0.28952755057785823		
NP_060537		0.25868648759720314	0.005533233267885962		0.7778854264409399			0.05113618894471273		0.3019847840505511		0.1969058949002814		0.48868876173597026		0.6616582986165832	0.284029633538315	
NP_060621						0.01785048879516954				0.03618447918007404		0.004129477975731494					0.284029633538315	
NP_060644		0.12015555753025159	0.2868034611022435		0.1180344515491131			0.24031151815960447	0.25114363272341605		0.1766694780844291		1.0			0.0022073358391031493	0.284029633538315	
NP_060649						0.015887163570635212				0.06224013755140726							0.022132396801276173	
NP_060679		0.39568325620316713																
NP_060682														0.01579961563761598				
NP_060719								0.10467917595659064										
NP_060731						0.12878431898562676				0.10974121741465678		0.03978470337617454					0.379488526599874	
NP_060823																	7.298014953188486e-05	
NP_060873	0.09546915232690358					0.006512685878232814				0.07409582435201655							0.0709285429016066	
NP_060952								0.041946185983263065								0.36051486000987765	0.7614498217674673	
NP_061155						0.001503905511121845												
NP_061173						0.10261914606251306		0.34501481570252923		0.03618447918007404		0.0404555812644035					0.007411125243577092	
NP_061322		0.1394174254433344	0.7935299070003461		0.3385569013923684		1.0		0.4410929869122558		0.31979052446192346		0.8988436648618484			0.05566955863498872		0.1459166750410313
NP_061330						0.00279929506340805												
NP_061936						5.3515556313902686e-14				6.73732053737402e-11								
NP_061981				0.158417916442144														
NP_062536		0.0006417255747767131	7.909993174922527e-06			0.1764447569178447	0.5496957169509248			0.23116059296625752		0.7591369359125746	0.20750727658870624			0.005862713715591212		0.001380356033444364
NP_062552						0.005018798128546515												
NP_062565	0.7176134276183619		0.2304619945905927			0.07730205285408902		0.7375093293892431		0.028489288577183615		0.01651446860495849	1.0		0.10593653937412263		0.5039812486751521	
NP_062817	0.21914224600656484		0.12220712090322465			3.328562092388819e-05				0.0004371702240540088		0.003811541390764102					0.009211235534370157	
NP_064504						0.0014628072067836605				0.07435631830249391		0.18804569461789655					0.8136216677658985	
NP_064533														0.14699440527501523				
NP_064578				0.023120467272910967	0.00032239113024005333						0.8244936381864473					0.35151545325902495		
NP_065073				0.23632652598229795										0.0002599678627261036				
NP_065176		0.3385489284990575	0.5209413874683387		0.40055210748187836				0.12089876069519372		0.44071177880621876			0.18656506143288115		0.31678636776674995		0.4094286640129293
NP_065191						1.5990998613745975e-06				1.6389487246203927e-05								
NP_065749								0.04779947858609326										
NP_065750	0.5115788627702632			0.029288164553467284	0.6038053750619786		0.6943052319032796		0.14004548313249307		0.17414192298558445		0.8246170295300894			0.044230447086194585	0.740495476149538	
NP_065770	0.3817212056656534			0.9099866507770697				0.37915314421337115			0.879265421464045		0.8246170295300894			0.28952755057785823	0.7485717039201935	
NP_065778								1.1708307465665844e-07										
NP_065797																0.007550138894959086		
NP_065805			1.6013411633421292e-05			5.778496505516617e-08				4.4777873351542464e-06		0.002121791205257552					0.1697783238331392	
NP_065816						0.22125419798940177		0.18398089339663043		0.021937803910772616		0.0404555812644035						
NP_065821				0.39943655945975093														
NP_065823								0.01260806114679627				0.00011401490223008566		0.48868876173597026				
NP_065827		0.31830320182241184									4.951010444267079e-06					0.005917387729351272		
NP_065849														0.026034823558234266				
NP_065857		0.25406837184559744														0.18052996506495642		
NP_065871				0.017887578040297277														
NP_065875			5.601697743075208e-06			7.025860140705227e-14				4.453990651219798e-09		3.9302017971525897e-05						
NP_065883				0.08240504889955493												0.0028929610181666534		
NP_065892								0.05073831519190778										
NP_065899		0.0006417255747767131	0.0006908197613352417						0.0060770264671978335							0.0010477768786903276		7.131629378541002e-07
NP_065905		0.1831314457768371	0.22610181267571242													0.06309419881659241		
NP_065910		0.10998548774554623	0.7935299070003461			0.8610754834863136	0.15193176082911342				0.837650590072886					0.3814837072479452		
NP_065921								0.03874994597052079										
NP_065939		1.0		0.2715855264340768		0.695194525485958	0.09823199324087777		0.4757161968228442		0.9493805768971763		0.0830638111405084			0.917915889118802		0.0030075178142763026
NP_065952								0.14186243203125778										
NP_065953	0.11102191635053898			1.0			1.0			0.006319699793363801		0.1138283966261669	0.8988436648618484			0.5415838752691716	0.04640851073767873	
NP_065970																0.002311522349958545		
NP_065997								0.07403060189338133										
NP_066301						5.661664510001813e-07				1.254996933177491e-08								
NP_066983								0.06104292108189432										
NP_066997		0.7117329932613358		0.1720514282229048					0.007946945148854271									0.0016856714782149396
NP_067051				0.12418040327761191														
NP_067064								0.29955683247694187										
NP_067643		0.09023068040407731																
NP_068506			9.51792065116824e-05			0.07610095745913004				0.830644656363112								
NP_071349				0.022556318499033987														
NP_071350								0.05387765499260877										
NP_071401																0.00861680692028623		
NP_071895		0.24842482791067222																
NP_071918						5.4981446757066336e-11				5.307543995526205e-08								
NP_071934	0.09323363672609868		0.10510362292286596					0.07487123100574349		0.0016167088362760045		0.004205794370713445						
NP_072096						0.08533621742582922												
NP_072174		0.00854444119656691	3.9890423875388174e-19			1.345429048618835e-05				0.022093084531091607		0.9703999388113889	0.004129994141382671		0.11007367904962348		0.16257464178419792	
NP_073153		0.168402736166661																
NP_073568				0.26991721775761934														
NP_073585		0.03092588037214681	0.002645331186107572			0.505154621889113	1.0		1.0				0.2620918558307765			0.08598906524572593		0.0327795524983182
NP_073602		0.379617207464205	0.05775131557129536			0.195047782270364				0.3371705464056977						0.32306452312095724	0.5654929372552109	
NP_073606		0.05331498846201683												0.34973865380834795				
NP_073613								0.09797261956355484										
NP_073733						0.14870858903630046				0.0255085689354396								
NP_073744	0.30182799515355413		0.22610181267571242			0.5874372609735412		0.010569232405820946		0.0070273841751256		0.07223176979530634				0.10292137060064803	0.06868829958013142	
NP_073746						0.00285523960120475												
NP_075047														0.15472225664837969				
NP_075384				0.23632652598229795												0.03232229492599816		
NP_075385	0.0009875072888427235		0.6890909683792448			4.8620647344048854e-05		0.8578577430659546		0.00013809633303915811		0.0034341603469527924	0.2620918558307765		0.7885555557642908		0.427871375823149	
NP_075463		2.9134954910963557e-05												0.029913643832031305				0.0011824024401808565
NP_076998						0.12334177189557342												
NP_077015				0.15061788831986772				0.02203656858851037										
NP_077313						1.987217984425054e-05												
NP_077734						2.5583091519403493e-08												
NP_077740						0.000965932846250444												
NP_078772		0.39586097163937745																
NP_078779		0.08752912580343768																
NP_078789		0.014839138131028112																
NP_078811				0.17389101398612666														
NP_078960														0.023068102164475683				
NP_079010								0.08657982603348492										
NP_079031		0.25868648759720314						0.19187929262896902										
NP_079052		0.031075910500113425	7.149335459770935e-05			0.7021987231725747												
NP_079066								0.0268419361132749										
NP_079216														0.09267562373537747				
NP_079223		0.1854740732576321																
NP_079285																0.10000236780522732		
NP_079440		0.43904837130287844																0.0016856714782149396
NP_079461				0.010162138218217784										0.4051150925917358				
NP_079470								0.08657982603348492										
NP_109590								0.07025365844596364										
NP_112197						5.171336523646964e-06				0.0004396339088358212		0.003941889927394806						
NP_112420														0.1718091207012778				
NP_112533	0.24734040716611816		0.8933394358735672			0.034044591764563606	1.0			0.018319085048205296		0.0011480371345847572	1.0		0.35526666926617173		0.1895168391560826	
NP_112578				0.08834686696549185												0.1366422856372452		
NP_112604														0.34973865380834795				
NP_113584		0.37477890906660233	0.35986400905611987		1.0			0.7852198343225048		0.4539969164455028		0.8472108010931074		0.4051150925917358		0.03232229492599816		0.9115187202986954
NP_114128	0.6836850474097808		0.8866047874446582			0.18879624288174066	1.0			0.12936059587138565		0.18804569461789655	0.5918723411316834			0.7755412672801753	0.13377688456937775	
NP_115518								0.08532016217619594		0.1053411787438647								
NP_115593						0.8473489725833048		0.0017151422884276886		0.0004371702240540088						0.6616582986165832	0.0526202474294624	
NP_115599								0.15915498413962734										
NP_115751								0.09793830724389573										
NP_115766								0.08563535714108203										
NP_115805				0.029288164553467284														
NP_115812	0.6485965848876104			0.6336946031186774		0.798300756844574	1.0			0.42606304211949153		0.6294978130898732	0.8874846513596161			0.1953773467290455	0.10676869046146191	
NP_115820								0.14495829047228817								0.0007912263236611576		
NP_115835								0.00293598544363641										
NP_115941						0.0008427781011784946		0.018558003813328304		6.795727306021632e-07		2.238239789360336e-05					0.0004884376373779831	
NP_115970						0.0011532618285376847												
NP_115971				0.007358510854296415														
NP_116259				0.08834686696549185														
NP_149062						0.6260711085813963												
NP_149072				0.21724047838132213				0.020230232138369345			0.1543323972618119							
NP_149107		0.022934357664312538														0.16977769371215923		0.0081456093850213
NP_149131		0.43175188593711566				0.008271263571021736	0.03164119291787284			0.1082526082919582				0.5727384546113061		0.6431217076891406		
NP_150091						2.2634241226960158e-07				1.0043675259539816e-05								
NP_150241						2.076063117934671e-05				4.077748744982771e-07							0.0015767415401781231	
NP_203744						1.4207857047162795e-11				6.180854175091677e-09		4.462433465984772e-06					2.8337306112440527e-05	
NP_203747								0.06610214458464385								0.0004347964255298424		
NP_203754	0.12092926683303175		1.0117645923568472e-07			0.8616767353721991		1.0133950248374852e-14		7.382971391942909e-11		1.0180680741577096e-06	0.8370336944879101		1.0		1.2619472080227252e-09	
NP_277052		0.31060893969083125	0.0002686508222683207			0.332614640513625		0.13486465575457618		0.39702214365370603		0.924369977273431	0.2620918558307765		0.02394975042010915		0.9243607693194027	
NP_361013		0.25406837184559744	4.360816888734058e-05			0.4491668436666338		0.11240159094302499		0.31886941320842355						0.3195449046139478		
NP_387505																0.031156355280275938		
NP_434700								0.0036137859940577805										
NP_443094						2.7557775415943633e-22				1.3619152654134474e-15		4.8918420578819676e-11					0.04057783220843899	
NP_443111								0.0008983582795808475										
NP_444254			8.228254623921177e-06			0.0005594002243367699				0.013116132242397877		0.18804569461789655			0.38707577696009954			
NP_444507		0.000555686494251707																
NP_476510		0.3466935273032276														0.13595741175527576		
NP_490647						0.0003057853996920786												
NP_510880	0.05982310750147972		0.002645331186107572			0.11312212451567773		3.897875375093892e-05		1.0979083703980085e-06		1.9961594067949273e-05	0.06075209884974498				0.04640851073767873	
NP_536739								0.007375656102185886						0.1718091207012778				
NP_542194								0.023071211724933816										
NP_542416		0.25868648759720314																
NP_542417	0.07546588921547938			0.7582015159745166		0.33175654985908276												
NP_542775		0.31060893969083125		0.000366347872751034					3.7671700164612703e-07									
NP_573441								1.5352097474365315e-05										
NP_597677		0.5447917349563665			1.0		0.323697140863961		0.46824458922223905		0.9383209033040323		0.44851504931488895			0.07896214144331314		0.26157300356624713
NP_597709																0.004985330046395527		
NP_597734		0.00025377250314725556				3.809121283091412e-06				0.006332114833115791								
NP_612142																	0.7614498217674673	
NP_612144														0.5891570574838735				
NP_612206								0.132899863130101										
NP_612392						0.00013078449330718582				0.0007567832599405165		0.08974504164091804						
NP_612429		0.009969656687052918	1.605879682123859e-08															
NP_612453		0.1757378209540949	0.14916216866424986			0.18852785624528035												
NP_612565						0.000559787949263636												
NP_620048						0.00010619701370124615												
NP_620137		0.47759327157670206		0.17389101398612666	0.13237619881765963				0.01766566637546259		0.03754291335816924			0.7932842883153268				
NP_620305	0.6337508197646333				0.7459518797409762			0.48022699237428523		1.0	0.3756617120970227		1.0			0.3704491835551964		0.7590413630367235
NP_653171								0.4478750163843123										
NP_653173		0.18441636620059287																
NP_653205						0.00031259502564380515				1.000158978545786e-05								
NP_653259		0.3991239622297214												0.5654729677180274				
NP_659449						0.1259389628342794												
NP_659477		0.008794711740506798																
NP_663304						0.015887163570635212												
NP_663719	0.6896155855306422		0.0031797500777848223			5.359326719248473e-05	0.783312932374594			0.0006643719192913486		0.0061326813416793064		0.8224672876755313	0.39494375165871937		0.10419326497041775	
NP_663780						2.6742863770178686e-17				9.54270023486563e-13		1.7661992163491206e-08						
NP_680780								0.28397680239243644										
NP_683692		0.1548567003804324	0.5515780420476564		1.0		0.5496957169509248		0.8173421292575279			0.5804894103881444				0.15237974392367554	0.7919211509967596	
NP_689449	0.4994209692524489		0.001911848399060618			4.5233253164295665e-05				0.000344650337818243		0.007666309484640235			0.39494375165871937		0.16155096808023042	
NP_689545								0.0017591710421875498										
NP_689969																0.21167534522108739		
NP_690049								0.3275369983966732										
NP_695012								0.27194005558116563										
NP_699165								0.0474815362493656						0.5654729677180274				
NP_722560						0.001937909135564161				0.0014371566740661998		0.017079036792583855					0.004744768150982014	
NP_733751				0.0016518650995399928												0.01864695183928449		
NP_733793	0.01239241987168588		0.02042472262763202			1.6352447025794554e-06		0.5720360196407489		2.418785362919767e-08		1.4200152581177712e-08			0.10593653937412263		0.0016572337475305762	
NP_733821		0.26778128368287535	0.00025864829928029135			0.0002375297115602717	0.3200242503016633			0.0021185244341800735		0.24823787237391332	0.010848927080709819		0.4876453453953006		0.7614498217674673	
NP_742068								0.06610214458464385										
NP_757366		0.43175188593711566																
NP_775114				0.7756560330885233														
NP_775782				0.45571725861187123		0.0025213890376135405												
NP_775837								0.6057091907290547										
NP_775853														0.026034823558234266				
NP_775873		0.5274393283360543																
NP_803187		0.34151252559123785														0.06244921652805245		
NP_821074		0.10887043712681																
NP_821133								0.4332686525840203									0.6401996917373831	
NP_835227		0.06252473731797539																
NP_835260						3.3937770005360114e-06				6.780684417292579e-06		0.0002032579820077053						
NP_852118														0.009607738538092197				
NP_859066		0.00016996592798694543	0.009641492269133037													0.0022854936368082238		
NP_872363	0.002992480411313247		0.4720911709017062		0.5115149100014704			1.1708307465665844e-07		0.7958669031335638		0.19706286098395248	0.19319080025993068			0.6616582986165832		0.9115187202986954
NP_898868		0.5619529304629786												0.04816284590177712		0.7839270099739472		
NP_919047						0.0001637197063098802												
NP_919254				0.7323661368558789														
NP_919269								5.161046453584877e-06										
NP_919277				0.06992572561767055					0.006489134730201511									
NP_937872				0.49225257683614604							0.3122579324493031							
NP_937883	0.6205402688295512							0.8496483889572772		0.15471944285098296			0.8246170295300894		0.3571919683825851			
NP_938022														0.1718091207012778				
NP_940890	1.9311779964308907e-07		0.5765074899364848		0.002563320293697132			1.5306745374840347e-19		0.4875642135185664		0.1835485414654912	0.06711150389530687			0.0010477768786903276	0.0018832757398880306	
NP_940953						0.23738280645970541		0.22933342702189247				0.009016363522333612						
NP_942133								2.432726608879599e-05								1.024781733223635e-05		
NP_942559														0.6035803026721369				
NP_942595								0.8459513360781428										
NP_945344						1.2587558607351707e-06				1.216220568678973e-16								
NP_945353						2.2134098503762227e-05				0.00011238822383916646								
NP_955391						0.1259389628342794				0.07338700919581367								
NP_958431		0.024115802192650318												0.3275303660662303				
NP_958782	0.4994209692524489		0.013009920584885716			0.390963506554234		0.004613311909858321		0.1034080364179909		0.18256457259165582		0.7855737907799498		0.659081545456706	0.12927107370838695	
NP_963293						2.9090074632164266e-22				1.7978990000175315e-16		5.426738218811758e-13					0.0012386215238946708	
NP_973728		0.02465219701212066																
NP_976049								0.24031151815960447										
NP_976324				0.000356654275312756														
NP_982261		0.7300211411071981	0.8863555241769817		0.7822162451889361			0.6871375875953516		0.7337157115391723		0.3605783099875726	0.7985648308354912			0.21637239328552846		
NP_982284		0.7300211411071981														0.6616582986165832		
NP_991403								0.09797261956355484										
NP_996744						0.000965932846250444				0.022093084531091607							0.4962324252182115	
NP_996811														1.20584282514182e-05				
NP_997006	0.7961629961931109					0.5189972917959588	0.7202067665726517		1.0		1.0		0.21369648349912002			0.6431217076891406	0.0526202474294624	
NP_997229								0.060845442376980356										
NP_997245		0.00854444119656691																0.001380356033444364
NP_998754		0.31830320182241184	0.00765810476882			0.25999375293298926				0.014592718873358827		0.17665929813420386		0.6886385414199381		0.0005528032508908441	0.20026236190447358	
XP_003846661		0.030003995722459754	0.43600071996643763		0.9088096336133755		0.4347816131355705		0.46824458922223905		0.2512315842462597			0.38198562369530714		0.6690097715385241	0.7858427338353589	
XP_003960280		0.0020370534121242232														0.1829720787726676		
XP_003960677		0.23621765986123366						0.6607331915115556										
