	NotOutlier_PR Status_Negative	NotOutlier_PR Status_Positive	Outliers_PR Status_Negative	Outliers_PR Status_Positive	fisherp_PR Status_Negative	fisherp_PR Status_Positive	fisherFDR_PR Status_Positive	fisherFDR_PR Status_Negative
NP_000170	310.0	389.0	9.0	16.0		0.5393934391383932	0.6744358911082423	
NP_000480	1084.0	1472.0	45.0	71.0		0.5013234258881224	0.6589234337872407	
NP_000928	677.0	957.0	28.0	48.0		0.4753586282691933	0.6382839645711346	
NP_001003694	206.0	288.0	12.0	20.0		0.7134667157065537	0.7963727572635307	
NP_001003698	493.0	656.0	15.0	35.0		0.07965898337858311	0.24791066789783342	
NP_001006635	229.0	310.0	8.0	22.0		0.1266148530172914	0.3130850799292678	
NP_001014972	454.0	617.0	19.0	38.0		0.2150352477829306	0.3934436127017356	
NP_001015055	278.0	357.0	6.0	20.0		0.04286446349240084	0.17407154076792047	
NP_001018077	327.0	400.0	11.0	22.0		0.21292275261632007	0.3934436127017356	
NP_001025053	541.0	684.0	13.0	30.0		0.08489418633077112	0.2593556334692365	
NP_001032242	711.0	889.0	14.0	45.0		0.0018728777783777947	0.03721943980005598	
NP_001034558	471.0	614.0	13.0	37.0		0.018501235460851993	0.11550946151780322	
NP_001035905	665.0	889.0	19.0	32.0		0.474067449973525	0.6382839645711346	
NP_001041648	518.0	653.0	12.0	34.0		0.015213811884437418	0.10364208885784343	
NP_001073860	571.0	686.0	9.0	21.0		0.09854908713341838	0.28286028705126126	
NP_001073883	363.0	495.0	9.0	26.0		0.0552478525601862	0.2016283819849593	
NP_001073922	222.0	300.0	6.0	17.0		0.13454194877202896	0.3246555720368525	
NP_001073964	581.0	779.0	34.0	48.0		0.9085731607749272	0.9396113743417724	
NP_001078927	1207.0	1429.0	19.0	91.0		9.077160190653092e-10	3.0226943434874795e-07	
NP_001091886	258.0	354.0	15.0	22.0		1.0	1.0	
NP_001092885	351.0	455.0	10.0	24.0		0.11377579289403973	0.2914410694901171	
NP_001106189	966.0	1190.0	19.0	43.0		0.02775032111783282	0.1443883895662239	
NP_001107854	550.0	700.0	19.0	29.0		0.6569842144573794	0.7574823291887033	
NP_001120982	652.0	918.0	21.0	51.0		0.03770369892370386	0.1700375737537336	
NP_001122390	357.0	477.0	18.0	30.0		0.5489492924732913	0.6795543286007658	
NP_001123917	1234.0	1608.0	25.0	45.0		0.22274987475663466	0.40312884942369204	
NP_001124427	280.0	360.0	6.0	16.0		0.18792055545495762	0.3839113188128889	
NP_001127910	768.0	953.0	9.0	31.0		0.005673620589129574	0.06819864039827152	
NP_001128716	676.0	956.0	31.0	53.0		0.4288333468849371	0.6025379937244053	
NP_001129119	263.0	325.0	9.0	24.0		0.06991707804182616	0.22825869596007953	
NP_001129487	527.0	649.0	6.0	18.0		0.06209315154647522	0.21316514912346646	
NP_001137532	385.0	446.0	6.0	20.0		0.026131793308038824	0.13913939805626116	
NP_001138678	742.0	1005.0	14.0	33.0		0.09923777787878657	0.28286028705126126	
NP_001155856	687.0	851.0	17.0	25.0		0.6392525667770568	0.7469161569710875	
NP_001157745	554.0	704.0	20.0	53.0		0.005088787262062966	0.06819864039827152	
NP_001164100	393.0	507.0	17.0	25.0		0.751485048918037	0.8105539629899984	
NP_001167587	324.0	421.0	11.0	17.0		0.7021456462586179	0.7872542094414806	
NP_001171894	535.0	716.0	17.0	29.0		0.4528220101374073	0.6295690708267845	
NP_001171914	655.0	881.0	22.0	43.0		0.1995946026926384	0.3905717874728691	
NP_001180345	319.0	401.0	10.0	22.0		0.20173677911511556	0.3905717874728691	
NP_001181875	398.0	488.0	9.0	17.0		0.32413928791682467	0.506752971250247	
NP_001184033	352.0	467.0	12.0	30.0		0.07785118266043131	0.2445702247728644	
NP_001186308	428.0	566.0	22.0	32.0		0.7791812279714021	0.8263291366703087	
NP_001186346	285.0	372.0	9.0	19.0		0.3297747434761625	0.5107673933840098	
NP_001191332	533.0	714.0	9.0	33.0		0.006358025997607718	0.07300767783459897	
NP_001191676	254.0	325.0	4.0	16.0		0.03878973624497754	0.1700375737537336	
NP_001193937	939.0	1227.0	28.0	54.0		0.11166125938961355	0.2904937451307915	
NP_001230685	523.0	640.0	10.0	26.0		0.04226932180326032	0.17407154076792047	
NP_001243111	373.0	484.0	9.0	25.0		0.05285695777629233	0.19776816785961063	
NP_001243399	453.0	590.0	9.0	16.0		0.5427892456967235	0.6744358911082423	
NP_001258928	680.0	905.0	22.0	46.0		0.10290160917685538	0.28286028705126126	
NP_001263206	334.0	442.0	17.0	26.0		0.7521356593510796	0.8105539629899984	
NP_001264	701.0	908.0	23.0	55.0		0.0139765103912424	0.10344039835224215	
NP_001265138	790.0	1042.0	21.0	29.0		1.0	1.0	
NP_001334	350.0	431.0	7.0	21.0		0.051169888788727004	0.1936315109846147	
NP_001420	277.0	382.0	13.0	22.0		0.6026807648663557	0.7167596239303444	
NP_001511	348.0	475.0	20.0	36.0		0.40137442905973414	0.5736381325188475	
NP_001524	114.0	155.0	12.0	18.0		0.8477850424285114	0.8877749029204224	
NP_001605	439.0	533.0	19.0	29.0		0.4623154026800449	0.6335433295985801	
NP_001615	606.0	755.0	11.0	34.0		0.008817209308008233	0.08388944855904976	
NP_001645	308.0	372.0	9.0	23.0		0.06833938233990092	0.22531697345729707	
NP_001745	270.0	360.0	6.0	19.0		0.06571719868716101	0.22330435880433283	
NP_001803	299.0	391.0	4.0	18.0		0.026323669902535894	0.13913939805626116	
NP_001871	225.0	282.0	6.0	20.0		0.04123360432576087	0.17407154076792047	
NP_001894	509.0	632.0	14.0	25.0		0.32704628002170355	0.5089084637720901	
NP_001931	386.0	499.0	24.0	45.0		0.1663129731602297	0.3716927520963523	
NP_001972	540.0	673.0	9.0	36.0		0.0010965506862184655	0.03227424189414478	
NP_001978	553.0	676.0	22.0	36.0		0.34448027848625207	0.5214178760723724	
NP_002105	550.0	689.0	10.0	28.0		0.030511969372731016	0.1539467545624156	
NP_002130	553.0	764.0	24.0	38.0		0.6931659829562432	0.7833201223191498	
NP_002212	404.0	506.0	10.0	21.0		0.20159485449523304	0.3905717874728691	
NP_002347	499.0	671.0	15.0	33.0		0.13634371007519697	0.3266363701801482	
NP_002366	1317.0	1639.0	59.0	87.0		0.3484913995123686	0.5224243947459619	
NP_002408	869.0	1095.0	8.0	33.0		0.0013092187778825882	0.03227424189414478	
NP_002464	536.0	630.0	19.0	25.0		0.7596902739659898	0.8134304219635838	
NP_002547	449.0	551.0	9.0	19.0		0.24709609927908363	0.4257201934040483	
NP_002964	526.0	684.0	12.0	32.0		0.04273739475203881	0.17407154076792047	
NP_003119	771.0	1017.0	17.0	42.0		0.031997076791643056	0.15903024733756924	
NP_003283	470.0	602.0	7.0	19.0		0.10875591450768303	0.2897257562484676	
NP_003371	1114.0	1440.0	23.0	48.0		0.0683141716472011	0.22531697345729707	
NP_003473	933.0	1269.0	29.0	52.0		0.25385723758937584	0.43229684898753556	
NP_003613	530.0	682.0	21.0	34.0		0.48747805422887736	0.6467338329012595	
NP_003617	488.0	626.0	15.0	33.0		0.10158768944987794	0.28286028705126126	
NP_003642	237.0	313.0	8.0	27.0		0.02104224852627362	0.12293103086401957	
NP_003886	252.0	324.0	7.0	23.0		0.03593911335059438	0.16855950346123846	
NP_003904	698.0	929.0	36.0	53.0		0.6619440173991371	0.7574823291887033	
NP_003913	243.0	358.0	10.0	18.0		0.6962845531725776	0.7833201223191498	
NP_003971	622.0	765.0	6.0	30.0		0.0005648528851774648	0.020899556751566198	
NP_004136	540.0	697.0	17.0	41.0		0.04094368491601691	0.17407154076792047	
NP_004229	344.0	435.0	10.0	31.0		0.014599695863529674	0.10344039835224215	
NP_004277	190.0	231.0	4.0	15.0		0.056412993568126124	0.2016283819849593	
NP_004299	243.0	318.0	9.0	15.0		0.6759128349144032	0.7681876246638099	
NP_004386	365.0	425.0	6.0	26.0		0.001900091521324179	0.03721943980005598	
NP_004406	826.0	1061.0	26.0	36.0		0.7963191211694816	0.8391590738906246	
NP_004563	609.0	803.0	18.0	32.0		0.38341069081133794	0.5551120001746762	
NP_004710	479.0	640.0	21.0	37.0		0.34332459667935233	0.5214178760723724	
NP_004726	489.0	639.0	19.0	31.0		0.47047195306113465	0.6382839645711346	
NP_004808	1011.0	1320.0	22.0	52.0		0.022918780069672358	0.12725223457839324	
NP_004851	211.0	267.0	8.0	19.0		0.16452757205495971	0.3716927520963523	
NP_005076	656.0	859.0	28.0	43.0		0.5424363626885479	0.6744358911082423	
NP_005110	1069.0	1407.0	57.0	85.0		0.4873057165181952	0.6467338329012595	
NP_005179	237.0	283.0	10.0	22.0		0.1428007839148861	0.3302268128031741	
NP_005349	1163.0	1443.0	40.0	65.0		0.1942351254948932	0.38964034210722553	
NP_005372	533.0	676.0	13.0	21.0		0.6000956524898227	0.7167596239303444	
NP_005500	366.0	487.0	17.0	25.0		0.8733645886119421	0.9116940689898957	
NP_005602	414.0	549.0	12.0	25.0		0.23728983092040706	0.4158816510341871	
NP_005624	257.0	348.0	12.0	23.0		0.38218786022692197	0.5551120001746762	
NP_005641	629.0	790.0	24.0	36.0		0.5958940662439307	0.7167596239303444	
NP_005757	417.0	586.0	18.0	29.0		0.7623377578800263	0.8136489531219512	
NP_005804	349.0	434.0	2.0	23.0		0.00013407326474096587	0.00637805673696309	
NP_005839	404.0	500.0	13.0	52.0		7.854491530899254e-05	0.004359242799649086	
NP_006028	242.0	285.0	10.0	18.0		0.33386086767351775	0.5147021709966733	
NP_006176	978.0	1257.0	34.0	49.0		0.6532118612289897	0.7574823291887033	
NP_006233	268.0	333.0	8.0	23.0		0.04221965231485539	0.17407154076792047	
NP_006245	396.0	508.0	11.0	21.0		0.3650466131548965	0.5426809025918774	
NP_006258	1791.0	2300.0	44.0	86.0		0.024770141805327085	0.135220610183179	
NP_006259	200.0	266.0	8.0	14.0		0.6610230511049623	0.7574823291887033	
NP_006280	914.0	1116.0	14.0	43.0		0.0026357097115122874	0.04388456669667958	
NP_006302	1029.0	1356.0	30.0	72.0		0.005734420213668476	0.06819864039827152	
NP_006319	568.0	693.0	18.0	30.0		0.3751561788940827	0.5503392404040949	
NP_006358	264.0	332.0	8.0	23.0		0.061457219611878056	0.21316514912346646	
NP_006411	381.0	514.0	6.0	20.0		0.06770997985033866	0.22531697345729707	
NP_006448	594.0	789.0	16.0	33.0		0.18575552990710792	0.3839113188128889	
NP_006485	295.0	380.0	7.0	17.0		0.20851835976955546	0.3931938647113033	
NP_006600	343.0	437.0	9.0	19.0		0.24801716973088703	0.4257201934040483	
NP_006608	1384.0	1685.0	27.0	41.0		0.39140048979027986	0.5624235598214008	
NP_006653	408.0	543.0	9.0	27.0		0.03848735005184037	0.1700375737537336	
NP_006700	203.0	273.0	7.0	18.0		0.2114517876477699	0.39337120271903564	
NP_006725	360.0	465.0	3.0	35.0		4.824406954109193e-06	0.0008032637578591806	
NP_006757	186.0	267.0	8.0	16.0		0.5267309307757948	0.6720360151277383	
NP_006833	321.0	401.0	10.0	17.0		0.5549719540220748	0.6819397073407782	
NP_008832	202.0	262.0	4.0	20.0		0.010081780822500197	0.08522011451917642	
NP_008987	168.0	222.0	7.0	17.0		0.2067033524289552	0.3931938647113033	
NP_009131	1304.0	1635.0	42.0	89.0		0.0052608551706297794	0.06819864039827152	
NP_009134	467.0	546.0	14.0	19.0		0.7253482487838144	0.7971649070792417	
NP_009178	691.0	858.0	21.0	36.0		0.2785791140355258	0.45352184195877937	
NP_009217	1228.0	1586.0	31.0	44.0		0.7246505274891117	0.7971649070792417	
NP_009298	261.0	331.0	7.0	27.0		0.00713057213363204	0.07659614582256354	
NP_036222	614.0	749.0	15.0	30.0		0.1296259557889282	0.31635091295726764	
NP_036252	367.0	468.0	11.0	25.0		0.12442090490711867	0.31152001003060537	
NP_036288	706.0	962.0	12.0	20.0		0.718479417828011	0.7971649070792417	
NP_036441	573.0	748.0	9.0	22.0		0.14169475858867406	0.3302268128031741	
NP_036556	547.0	704.0	17.0	23.0		1.0	1.0	
NP_036565	1015.0	1352.0	32.0	56.0		0.2722701924024037	0.45107449786069864	
NP_037450	706.0	925.0	18.0	39.0		0.10155523069886846	0.28286028705126126	
NP_037524	193.0	229.0	8.0	22.0		0.0560343482151172	0.2016283819849593	
NP_054749	433.0	551.0	13.0	22.0		0.4898845043199189	0.6473473807084643	
NP_054878	587.0	814.0	24.0	39.0		0.6026525366033844	0.7167596239303444	
NP_054908	506.0	642.0	17.0	28.0		0.446333162846139	0.6244913580998499	
NP_055062	342.0	412.0	10.0	21.0		0.1968413465251817	0.3901676690052709	
NP_055144	493.0	594.0	11.0	29.0		0.03412042478011261	0.1646681369822826	
NP_055160	1065.0	1331.0	33.0	93.0		4.3982935438075944e-05	0.004233545189202706	
NP_055238	543.0	741.0	24.0	40.0		0.5171231265332206	0.6674496168045057	
NP_055315	601.0	821.0	24.0	46.0		0.21502595553372686	0.3934436127017356	
NP_055412	397.0	530.0	9.0	21.0		0.19090312175574814	0.3876264606381959	
NP_055445	417.0	556.0	18.0	27.0		0.7594832597211416	0.8134304219635838	
NP_055446	430.0	569.0	16.0	27.0		0.5298782085500153	0.6734711581952485	
NP_055456	900.0	1221.0	24.0	54.0		0.04665634965536377	0.18278311100277805	
NP_055476	239.0	297.0	6.0	24.0		0.007873019323320653	0.08192860733330555	
NP_055477	216.0	277.0	9.0	21.0		0.18328923189545765	0.3839113188128889	
NP_055527	187.0	244.0	9.0	16.0		0.5371290630568326	0.6744358911082423	
NP_055542	363.0	484.0	10.0	32.0		0.015827245622041353	0.10364208885784343	
NP_055554	1050.0	1390.0	56.0	81.0		0.6578927382437225	0.7574823291887033	
NP_055599	828.0	1088.0	21.0	46.0		0.05952435369422533	0.2086485240018635	
NP_055601	827.0	1046.0	27.0	43.0		0.3918386362719669	0.5624235598214008	
NP_055617	426.0	583.0	16.0	23.0		1.0	1.0	
NP_055623	214.0	267.0	6.0	17.0		0.08933038164198198	0.26559836684625	
NP_055625	449.0	585.0	14.0	29.0		0.20807914878619674	0.3931938647113033	
NP_055627	1227.0	1463.0	30.0	83.0		6.356674458262321e-05	0.004233545189202706	
NP_055642	256.0	311.0	3.0	20.0		0.00213569361105485	0.03743084065690869	
NP_055662	637.0	805.0	16.0	50.0		0.0013568750345886696	0.03227424189414478	
NP_055681	1343.0	1811.0	32.0	46.0		0.8175448632780974	0.8588089573236796	
NP_055726	404.0	519.0	17.0	34.0		0.14968699059432283	0.34376391633041037	
NP_055750	695.0	921.0	15.0	31.0		0.17585210781999783	0.3816580996814489	
NP_055816	878.0	1244.0	38.0	73.0		0.13911632179755623	0.3302268128031741	
NP_055820	1012.0	1333.0	23.0	47.0		0.11046076651865686	0.2904937451307915	
NP_055869	339.0	424.0	10.0	21.0		0.2004489199479388	0.3905717874728691	
NP_055872	507.0	628.0	7.0	29.0		0.0031744348009004586	0.04804939948635694	
NP_055885	922.0	1285.0	64.0	112.0		0.1765025445974268	0.3816580996814489	
NP_055889	216.0	272.0	11.0	19.0		0.45387801696389485	0.6295690708267845	
NP_055915	323.0	444.0	14.0	29.0		0.2660900618872634	0.4430399530422936	
NP_055927	691.0	952.0	24.0	40.0		0.5197033331266778	0.6681899997343002	
NP_055940	726.0	949.0	24.0	57.0		0.015567481348338724	0.10364208885784343	
NP_055968	384.0	513.0	14.0	25.0		0.41399158779215234	0.5864844368843947	
NP_055970	430.0	565.0	14.0	23.0		0.612912756182546	0.7263343338391026	
NP_055972	993.0	1278.0	21.0	28.0		1.0	1.0	
NP_055987	620.0	807.0	14.0	33.0		0.07228529793169522	0.2314519635697549	
NP_056018	719.0	964.0	19.0	27.0		0.881119655142047	0.9169151411321926	
NP_056023	360.0	481.0	17.0	28.0		0.5395996058967802	0.6744358911082423	
NP_056056	500.0	615.0	6.0	22.0		0.01919403257636361	0.11550946151780322	
NP_056060	424.0	538.0	9.0	23.0		0.10155505864259759	0.28286028705126126	
NP_056073	633.0	791.0	23.0	35.0		0.5026022588046821	0.6589234337872407	
NP_056093	697.0	854.0	3.0	27.0		5.993276873542413e-05	0.004233545189202706	
NP_056134	555.0	754.0	12.0	27.0		0.18759555050177917	0.3839113188128889	
NP_056140	326.0	444.0	13.0	28.0		0.1966873836422212	0.3901676690052709	
NP_056145	430.0	564.0	14.0	21.0		0.7321542053013086	0.7976280298721447	
NP_056193	587.0	763.0	21.0	35.0		0.41102701086926363	0.5849230539293367	
NP_056258	217.0	290.0	6.0	19.0		0.09482251486340576	0.27698155657468526	
NP_056261	462.0	583.0	8.0	27.0		0.014352180848278965	0.10344039835224215	
NP_056262	455.0	584.0	16.0	25.0		0.6310825091857356	0.7399664632353873	
NP_056272	568.0	712.0	8.0	28.0		0.00976555108341412	0.08522011451917642	
NP_056285	704.0	916.0	8.0	19.0		0.17330471074801806	0.37967413604664485	
NP_056364	646.0	797.0	19.0	35.0		0.20899493709880085	0.3931938647113033	
NP_056371	1082.0	1376.0	43.0	70.0		0.24450744662825327	0.4257201934040483	
NP_056390	477.0	598.0	10.0	24.0		0.1130594318792803	0.2914410694901171	
NP_056393	286.0	355.0	9.0	18.0		0.3231334703440002	0.506752971250247	
NP_056464	278.0	372.0	12.0	21.0		0.588782244616282	0.7129617725717161	
NP_056485	194.0	281.0	12.0	21.0		0.7150614246900772	0.7963727572635307	
NP_056969	405.0	552.0	23.0	34.0		0.8903508718967827	0.9236350166405877	
NP_056986	346.0	441.0	9.0	20.0		0.18626877174787748	0.3839113188128889	
NP_057114	148.0	180.0	7.0	18.0		0.1420666462397029	0.3302268128031741	
NP_057269	317.0	399.0	12.0	20.0		0.47352555422898146	0.6382839645711346	
NP_057332	710.0	913.0	17.0	36.0		0.12054620140760083	0.3041051899146294	
NP_057377	456.0	596.0	12.0	28.0		0.10489529306705882	0.28398481781569584	
NP_057404	665.0	826.0	21.0	38.0		0.18361504920330743	0.3839113188128889	
NP_057417	4573.0	6334.0	264.0	376.0		0.7418107047754339	0.8046350641375227	
NP_057427	465.0	597.0	6.0	26.0		0.0057339249080885675	0.06819864039827152	
NP_057541	363.0	478.0	14.0	24.0		0.5047500033715326	0.6591204182327643	
NP_057562	407.0	559.0	20.0	31.0		0.7714736094791697	0.8207690477845478	
NP_057591	690.0	890.0	14.0	45.0		0.002894410741539173	0.04589708461583546	
NP_059990	313.0	408.0	23.0	31.0		1.0	1.0	
NP_060110	614.0	781.0	12.0	36.0		0.011086003181342338	0.09003997705821946	
NP_060130	262.0	341.0	13.0	21.0		0.5973147447440873	0.7167596239303444	
NP_060275	266.0	338.0	10.0	17.0		0.5544975399876237	0.6819397073407782	
NP_060395	967.0	1240.0	34.0	62.0		0.11489385198356435	0.29205841763761015	
NP_060439	508.0	662.0	27.0	48.0		0.22994648327223308	0.4094768926719445	
NP_060493	288.0	409.0	8.0	22.0		0.13015037560103804	0.31635091295726764	
NP_060537	917.0	1228.0	36.0	78.0		0.019425014549540483	0.11550946151780322	
NP_060621	665.0	879.0	11.0	41.0		0.0015130574618597088	0.033589875653285535	
NP_060644	700.0	905.0	27.0	36.0		1.0	1.0	
NP_060649	414.0	547.0	12.0	36.0		0.015873112707958003	0.10364208885784343	
NP_060700	218.0	296.0	5.0	14.0		0.23598594463185457	0.41578475958945804	
NP_060731	299.0	384.0	12.0	22.0		0.37823755046317503	0.5524258960712162	
NP_060733	420.0	561.0	17.0	34.0		0.19387879121913515	0.38964034210722553	
NP_060757	443.0	580.0	11.0	23.0		0.22238673900224765	0.40312884942369204	
NP_060873	400.0	522.0	12.0	24.0		0.3032541756974283	0.4840947344995428	
NP_060952	358.0	498.0	14.0	24.0		0.6157190608314572	0.7270725080031037	
NP_061173	538.0	710.0	23.0	34.0		0.7846732505229679	0.8295117219814232	
NP_061322	602.0	763.0	29.0	42.0		0.6253178917477772	0.735798084636077	
NP_061857	372.0	477.0	8.0	21.0		0.0892993925462704	0.26559836684625	
NP_062552	331.0	444.0	19.0	36.0		0.2604068564066049	0.43795698577474457	
NP_062565	646.0	774.0	11.0	33.0		0.0082781082070626	0.08353363736217716	
NP_062817	598.0	712.0	12.0	33.0		0.014066412146677714	0.10344039835224215	
NP_064504	643.0	783.0	10.0	24.0		0.08107312706739	0.24997547512445253	
NP_065770	651.0	862.0	19.0	38.0		0.17266937853029646	0.37967413604664485	
NP_065805	662.0	847.0	24.0	47.0		0.11099498064888408	0.2904937451307915	
NP_065816	395.0	500.0	18.0	30.0		0.4556340722800452	0.6295690708267845	
NP_065823	383.0	474.0	10.0	31.0		0.010044643640638637	0.08522011451917642	
NP_065859	539.0	658.0	9.0	18.0		0.2467630084285534	0.4257201934040483	
NP_065875	689.0	878.0	14.0	36.0		0.029098708412713437	0.14907492156051652	
NP_065897	487.0	627.0	12.0	25.0		0.1823820942046485	0.3839113188128889	
NP_065910	881.0	1200.0	29.0	40.0		1.0	1.0	
NP_065997	270.0	375.0	13.0	22.0		0.7252298194115663	0.7971649070792417	
NP_067051	598.0	785.0	28.0	48.0		0.2865060132140147	0.46090097777906713	
NP_067643	641.0	807.0	21.0	32.0		0.5740324194260262	0.7001933907284497	
NP_067652	177.0	226.0	7.0	16.0		0.27944286777160593	0.45352184195877937	
NP_068375	114.0	112.0	6.0	16.0		0.04489788041052829	0.18013245996031232	
NP_068506	971.0	1215.0	20.0	37.0		0.1780228378699582	0.3824619678109425	
NP_071895	233.0	310.0	9.0	16.0		0.5413703753276407	0.6744358911082423	
NP_071918	369.0	436.0	10.0	23.0		0.1071238430279201	0.2876793526475596	
NP_072174	2281.0	2916.0	56.0	90.0		0.20456059138740326	0.3931938647113033	
NP_073153	233.0	270.0	5.0	19.0		0.019267248312908776	0.11550946151780322	
NP_073568	484.0	666.0	25.0	41.0		0.5240696319731324	0.6712122594117426	
NP_073585	732.0	922.0	24.0	44.0		0.1701902564057185	0.3778223692206951	
NP_073589	111.0	147.0	8.0	14.0		0.6554622293166864	0.7574823291887033	
NP_073605	414.0	578.0	25.0	47.0		0.26606796042599223	0.4430399530422936	
NP_073606	374.0	464.0	2.0	19.0		0.0012141618549633625	0.03227424189414478	
NP_073613	212.0	300.0	10.0	18.0		0.6939606552788665	0.7833201223191498	
NP_073744	387.0	473.0	8.0	17.0		0.22527550124308332	0.40549590223755	
NP_077003	352.0	454.0	12.0	30.0		0.056436190759898974	0.2016283819849593	
NP_078772	407.0	553.0	25.0	34.0		1.0	1.0	
NP_079031	403.0	563.0	22.0	32.0		1.0	1.0	
NP_079052	581.0	742.0	12.0	29.0		0.07771252518791706	0.2445702247728644	
NP_079410	190.0	241.0	12.0	21.0		0.4676420288214279	0.6382163753997356	
NP_079440	319.0	434.0	9.0	20.0		0.2544449921968678	0.43229684898753556	
NP_079527	295.0	376.0	8.0	22.0		0.08844273676065681	0.26559836684625	
NP_110394	397.0	495.0	10.0	19.0		0.34401722876227625	0.5214178760723724	
NP_112197	347.0	441.0	9.0	24.0		0.07209962491195226	0.2314519635697549	
NP_112223	183.0	227.0	7.0	15.0		0.2759153488712419	0.4526099072616924	
NP_112533	412.0	513.0	8.0	17.0		0.22875743625378467	0.4094768926719445	
NP_112553	225.0	279.0	5.0	17.0		0.04869045200782035	0.18636690251269167	
NP_113584	1158.0	1475.0	31.0	85.0		0.00024366532630834596	0.010142569207584901	
NP_114032	243.0	310.0	14.0	26.0		0.322648768231599	0.506752971250247	
NP_114128	688.0	913.0	23.0	37.0		0.5087940443397055	0.6592545399421088	
NP_115593	542.0	708.0	11.0	40.0		0.0021285148828144853	0.03743084065690869	
NP_115812	1293.0	1754.0	40.0	66.0		0.3686835653708791	0.5437013397414009	
NP_115820	251.0	361.0	9.0	21.0		0.25811265592369836	0.43630210366797745	
NP_116114	448.0	642.0	34.0	56.0		0.5780475894612501	0.7025176908415923	
NP_203744	469.0	582.0	8.0	33.0		0.0012044859037737272	0.03227424189414478	
NP_203752	451.0	581.0	4.0	21.0		0.006711064209734748	0.0744928127280557	
NP_203754	2508.0	3216.0	65.0	109.0		0.10301423336903731	0.28286028705126126	
NP_277052	632.0	788.0	17.0	42.0		0.022105885517912205	0.1269182737493925	
NP_361013	590.0	761.0	17.0	23.0		1.0	1.0	
NP_443094	507.0	669.0	15.0	41.0		0.018073545442101706	0.11550946151780322	
NP_444271	245.0	311.0	15.0	26.0		0.4156466279420935	0.5864844368843947	
NP_476510	439.0	543.0	10.0	32.0		0.010236650392693865	0.08522011451917642	
NP_490597	318.0	423.0	14.0	22.0		0.7310577787069785	0.7976280298721447	
NP_510880	719.0	883.0	18.0	39.0		0.05691611983959813	0.2016283819849593	
NP_542416	357.0	496.0	6.0	17.0		0.1401318937878605	0.3302268128031741	
NP_542417	1007.0	1337.0	33.0	60.0		0.1654084972122128	0.3716927520963523	
NP_570899	332.0	402.0	9.0	19.0		0.18205810144892887	0.3839113188128889	
NP_597677	669.0	897.0	22.0	51.0		0.0388073741900413	0.1700375737537336	
NP_597709	234.0	303.0	9.0	15.0		0.6752286718941651	0.7681876246638099	
NP_612142	337.0	425.0	9.0	26.0		0.03581251568206417	0.16855950346123846	
NP_612206	387.0	476.0	6.0	23.0		0.012275219193765976	0.09506158119823419	
NP_620305	720.0	919.0	19.0	44.0		0.037518850164261014	0.1700375737537336	
NP_653265	106.0	145.0	6.0	14.0		0.3498517718569054	0.5224243947459619	
NP_663719	495.0	627.0	12.0	28.0		0.10363049555631795	0.28286028705126126	
NP_680780	473.0	612.0	16.0	38.0		0.048467790258263053	0.18636690251269167	
NP_683692	713.0	957.0	26.0	52.0		0.12692638375510856	0.3130850799292678	
NP_689449	474.0	602.0	10.0	19.0		0.3470982849412426	0.5224243947459619	
NP_689749	410.0	507.0	8.0	16.0		0.3038312297609743	0.4840947344995428	
NP_689969	434.0	576.0	10.0	31.0		0.02292833055466545	0.12725223457839324	
NP_695012	345.0	420.0	5.0	21.0		0.008799420407113656	0.08388944855904976	
NP_733793	456.0	609.0	14.0	22.0		0.7329554869095384	0.7976280298721447	
NP_778228	565.0	719.0	18.0	29.0		0.4588080098526369	0.6313349887641657	
NP_821133	278.0	334.0	8.0	18.0		0.16197477849301717	0.3694356249190049	
NP_835260	448.0	503.0	9.0	23.0		0.04604819705060269	0.1825482097363178	
NP_848927	377.0	480.0	7.0	28.0		0.004908093481821019	0.06819864039827152	
NP_872363	800.0	1001.0	15.0	37.0		0.03263942819908303	0.15983719985727426	
NP_892017	548.0	726.0	20.0	33.0		0.48142310158697493	0.6438308948934243	
NP_919254	483.0	619.0	11.0	27.0		0.0946932112096198	0.27698155657468526	
NP_940890	982.0	1237.0	24.0	42.0		0.21118793368813019	0.39337120271903564	
NP_940997	322.0	408.0	10.0	19.0		0.3444722354752985	0.5214178760723724	
NP_942595	412.0	533.0	13.0	25.0		0.3166790888706583	0.5021625552091867	
NP_958431	587.0	770.0	11.0	21.0		0.36899850685152136	0.5437013397414009	
NP_958782	1181.0	1484.0	48.0	69.0		0.5067111923951582	0.6591204182327643	
NP_976324	443.0	562.0	20.0	31.0		0.5638415447608749	0.6902913029609241	
NP_982284	578.0	693.0	11.0	21.0		0.2805570553859116	0.45352184195877937	
NP_991403	444.0	569.0	12.0	24.0		0.23464592931228195	0.41562284287760576	
NP_998725	188.0	233.0	11.0	22.0		0.27432136088922765	0.4522228375055089	
NP_998754	594.0	758.0	8.0	28.0		0.010037987833861634	0.08522011451917642	
XP_003846661	593.0	737.0	15.0	40.0		0.012201889191888571	0.09506158119823419	
NP_000072	325.0	420.0	23.0	19.0	0.2010031814015819			0.5514702669222888
NP_001002814	569.0	728.0	23.0	27.0	0.7734578278910411			0.9652838776326857
NP_001002909	371.0	539.0	42.0	44.0	0.16931221589981488			0.5032335305911164
NP_001005271	285.0	399.0	18.0	21.0	0.6186829804049294			0.8945821473422628
NP_001005751	1135.0	1446.0	42.0	44.0	0.37927201133994276			0.7246804502388192
NP_001027454	547.0	711.0	21.0	26.0	0.8819057137867887			0.9652838776326857
NP_001035932	374.0	565.0	21.0	12.0	0.010449722165144174			0.08600925166695589
NP_001035957	325.0	462.0	22.0	12.0	0.007792904735557811			0.07580370970042598
NP_001059	750.0	964.0	23.0	29.0	1.0			1.0
NP_001104026	1474.0	1877.0	38.0	46.0	0.824790310370838			0.9652838776326857
NP_001106207	358.0	489.0	18.0	19.0	0.4980879598018801			0.7986249920227131
NP_001107018	1012.0	1351.0	43.0	34.0	0.026209045565285354			0.17566806530659804
NP_001123999	723.0	952.0	24.0	30.0	0.8894626932779439			0.9652838776326857
NP_001127854	458.0	597.0	18.0	16.0	0.2948991525140704			0.6718812144955675
NP_001135441	301.0	393.0	16.0	11.0	0.1160057105574279			0.41805363456567013
NP_001135452	2291.0	3028.0	65.0	79.0	0.6700130012294604			0.9433077780467404
NP_001138829	236.0	339.0	19.0	25.0	0.8739484711792225			0.9652838776326857
NP_001157789	1157.0	1490.0	43.0	22.0	0.0003579585144820461			0.007660312209915787
NP_001158136	667.0	946.0	31.0	25.0	0.0393339836462146			0.20657745054699417
NP_001159581	517.0	671.0	16.0	13.0	0.2562743769353701			0.6528894840972523
NP_001188267	541.0	718.0	32.0	26.0	0.07802558011699529			0.3211052720199421
NP_001191397	375.0	494.0	20.0	26.0	1.0			1.0
NP_001193723	307.0	415.0	21.0	14.0	0.053708517830742944			0.24986136556041283
NP_001231931	495.0	707.0	27.0	19.0	0.02189516485928201			0.16734161713879822
NP_001240628	603.0	808.0	22.0	23.0	0.44610644639446834			0.7825145862984936
NP_001240841	356.0	460.0	18.0	19.0	0.6124881540641944			0.8945821473422628
NP_001245303	647.0	847.0	18.0	22.0	0.8723176830823408			0.9652838776326857
NP_001254489	549.0	772.0	42.0	11.0	5.216059060496933e-08			1.860394398243906e-06
NP_001408	496.0	682.0	27.0	31.0	0.5000735931357175			0.7986249920227131
NP_001611	6169.0	8114.0	160.0	115.0	1.0370582528207067e-06			2.7741308262953904e-05
NP_001640	587.0	836.0	37.0	49.0	0.7368979701988277			0.9652838776326857
NP_002264	807.0	1058.0	25.0	13.0	0.007515119007480874			0.07580370970042598
NP_002364	1410.0	1859.0	40.0	37.0	0.131199865091421			0.4254056231752135
NP_002473	383.0	525.0	17.0	21.0	0.7413719735643631			0.9652838776326857
NP_002511	415.0	527.0	16.0	14.0	0.35313396853528584			0.7246804502388192
NP_002826	545.0	692.0	40.0	36.0	0.15464048351060555			0.4727580495895655
NP_003015	394.0	567.0	19.0	16.0	0.12023320109698346			0.41805363456567013
NP_003061	232.0	337.0	19.0	22.0	0.5135023389317421			0.8080110333190648
NP_003248	959.0	1319.0	35.0	37.0	0.2777959453204148			0.6718812144955675
NP_003600	469.0	662.0	30.0	33.0	0.35958872205016645			0.7246804502388192
NP_003602	373.0	430.0	15.0	17.0	1.0			1.0
NP_003760	196.0	258.0	12.0	12.0	0.532578417473377			0.8166853837673014
NP_004437	347.0	460.0	18.0	22.0	0.8705186978215439			0.9652838776326857
NP_004487	253.0	385.0	27.0	3.0	2.8643289161346647e-08			1.5324159701320457e-06
NP_004738	695.0	894.0	24.0	24.0	0.4608617465295113			0.7863215901192359
NP_005069	474.0	701.0	22.0	15.0	0.026268121915005313			0.17566806530659804
NP_005383	403.0	559.0	17.0	23.0	1.0			1.0
NP_005426	725.0	985.0	20.0	25.0	0.8787789636132415			0.9652838776326857
NP_005446	290.0	415.0	16.0	16.0	0.36091034895687923			0.7246804502388192
NP_005535	771.0	1128.0	31.0	19.0	0.003257299667265949			0.04979015205677951
NP_005753	758.0	965.0	37.0	27.0	0.03962834734991134			0.20657745054699417
NP_005830	1538.0	2130.0	126.0	141.0	0.09557635311262046			0.37876554752038477
NP_005853	212.0	312.0	16.0	11.0	0.07014268388338565			0.3028365377844653
NP_006006	455.0	615.0	21.0	26.0	0.76564350253466			0.9652838776326857
NP_006188	1285.0	1734.0	46.0	44.0	0.12973726892904747			0.4254056231752135
NP_006303	1226.0	1650.0	62.0	79.0	0.7937948089492342			0.9652838776326857
NP_006531	377.0	512.0	22.0	18.0	0.1413299691720449			0.4447737265120237
NP_006687	227.0	311.0	14.0	16.0	0.7053752372775475			0.9652838776326857
NP_006717	795.0	1080.0	32.0	20.0	0.006799173427414644			0.07580370970042598
NP_009045	601.0	799.0	20.0	26.0	1.0			1.0
NP_009297	270.0	379.0	20.0	21.0	0.415725677829356			0.7803973250480893
NP_055535	513.0	670.0	25.0	26.0	0.47183164298603764			0.7888435281172816
NP_055792	1117.0	1479.0	74.0	97.0	1.0			1.0
NP_055831	408.0	544.0	16.0	21.0	1.0			1.0
NP_055847	464.0	647.0	36.0	33.0	0.10259202459243076			0.39204809397821755
NP_055857	584.0	828.0	25.0	30.0	0.5782628412642523			0.8593628335454861
NP_055888	534.0	742.0	22.0	22.0	0.28233150258590634			0.6718812144955675
NP_056077	350.0	446.0	16.0	12.0	0.18016515576834036			0.5210181531679032
NP_056130	756.0	1005.0	31.0	39.0	0.9021344650772763			0.9652838776326857
NP_056171	998.0	1286.0	24.0	29.0	0.8888369080998193			0.9652838776326857
NP_056224	318.0	437.0	15.0	18.0	0.7217647242701817			0.9652838776326857
NP_056347	87.0	123.0	13.0	4.0	0.00913957021040653			0.08149450104279156
NP_056988	458.0	568.0	19.0	22.0	0.873479351608947			0.9652838776326857
NP_057336	285.0	346.0	15.0	13.0	0.44003088065145823			0.7825145862984936
NP_057572	237.0	344.0	25.0	19.0	0.04054323795782129			0.20657745054699417
NP_058519	996.0	1537.0	42.0	6.0	9.897763471300753e-12			1.0590606914291806e-09
NP_060149	350.0	504.0	17.0	10.0	0.028416096197322473			0.1788542525360885
NP_060206	137.0	182.0	12.0	10.0	0.37467736444839855			0.7246804502388192
NP_060414	256.0	353.0	24.0	25.0	0.3696593391672008			0.7246804502388192
NP_060551	181.0	248.0	16.0	14.0	0.25592141442803734			0.6528894840972523
NP_060783	408.0	553.0	23.0	23.0	0.3606508853011764			0.7246804502388192
NP_060813	215.0	278.0	14.0	10.0	0.20634982266946716			0.5519857756408246
NP_062536	1236.0	1638.0	39.0	46.0	0.65693738989191			0.9372306762457916
NP_065176	952.0	1294.0	25.0	30.0	0.680001903598873			0.9449377101958365
NP_065883	680.0	910.0	30.0	39.0	0.9018510325489207			0.9652838776326857
NP_065899	1235.0	1617.0	36.0	37.0	0.33927852210742154			0.7246804502388192
NP_065939	1007.0	1405.0	44.0	49.0	0.28666362677614765			0.6718812144955675
NP_065952	624.0	820.0	30.0	38.0	0.9008205712908546			0.9652838776326857
NP_065953	866.0	1178.0	25.0	32.0	0.8921063024946635			0.9652838776326857
NP_066997	378.0	503.0	21.0	18.0	0.1895064015579172			0.5336101307025564
NP_076916	398.0	507.0	21.0	22.0	0.5342801576047767			0.8166853837673014
NP_078779	359.0	539.0	23.0	18.0	0.050281654329022256			0.2445516824184264
NP_079223	334.0	444.0	16.0	10.0	0.07075620041693113			0.3028365377844653
NP_079524	596.0	881.0	23.0	21.0	0.1211183427246334			0.41805363456567013
NP_112604	233.0	296.0	23.0	22.0	0.43511338429269963			0.7825145862984936
NP_114129	283.0	405.0	25.0	18.0	0.037564902705846906			0.20657745054699417
NP_115543	274.0	343.0	16.0	15.0	0.46297439418235387			0.7863215901192359
NP_150241	655.0	858.0	27.0	27.0	0.3322126204674133			0.7246804502388192
NP_543023	384.0	508.0	14.0	14.0	0.5619822393051734			0.8469309803613178
NP_612429	1192.0	1525.0	34.0	20.0	0.005591895939602345			0.07479160819218136
NP_620137	461.0	590.0	23.0	26.0	0.7687440422528082			0.9652838776326857
NP_653205	368.0	494.0	27.0	29.0	0.48653010531285834			0.7986249920227131
NP_722549	314.0	432.0	21.0	26.0	0.7619640894274449			0.9652838776326857
NP_733751	550.0	806.0	44.0	28.0	0.0008150365575341615			0.014534818609359212
NP_733821	1231.0	1608.0	47.0	59.0	0.8424910690691247			0.9652838776326857
NP_898868	638.0	878.0	29.0	32.0	0.42890255137715183			0.7825145862984936
NP_997006	551.0	721.0	18.0	16.0	0.2951253932830997			0.6718812144955675
