	fisherFDR_PAM50_LumB_LumB	fisherFDR_PAM50_LumA_LumA	fisherFDR_PAM50_Basal_Basal	fisherFDR_PAM50_Her2_Her2
NP_005900-S1965s 			0.015961215476058787	0.19926775309058065
NP_940890-T690t 				0.0017333568364768812
NP_009131-T953t 			0.0005343901104781332	
NP_055681-M1432m S1436s T1440t 				0.008330690405334278
NP_055681-S314s 				0.004508712342322571
NP_055792-T254t 				0.007344922239918348
NP_002365-T1605t 			0.00012370940993954979	
NP_002365-T1649t S1653s 			3.403477737832671e-05	
NP_055987-S2013s 				0.00117712860878226
NP_663780-Q1042q S1044s S1049s 			0.0005343901104781332	
NP_663780-S1049s 			0.00031338662543509626	
NP_663780-S653s 			0.00026484098156539165	
NP_000415-S31s 			0.005026122627543987	
NP_000415-S571s S573s 			0.0010180873127966302	
NP_001136157-S821s 				0.008330690405334278
NP_996811-S353s 		0.014747669737000492		
NP_001002814-S202s 				0.009457779706099376
NP_005549-S123s 				0.014903386159414299
NP_005549-S272s 				0.010521034569589745
NP_000215-S23s 				0.008330690405334278
NP_000215-S30s 				0.0017510383768494873
NP_056128-S1327s 				0.014798651126182314
NP_056272-S621s 				0.0032976719297473944
NP_056197-S1530s 				0.022777987132194047
NP_000204-S1454s 			2.146605850582643e-05	
NP_001025055-S1165s 			0.0005804093252730393	
NP_004439-S1049s S1050s 				0.0032976719297473944
NP_004439-S1054s 				0.0002248145572593273
NP_004439-S1066s 				0.006072467379941594
NP_004439-S1083s 				0.0002248145572593273
NP_004439-S1107s 				0.00040268964644582256
NP_004439-S1151s 				0.0008463580343030259
NP_004439-S728s 				0.004508712342322571
NP_004439-S998s 				0.0013859484791270951
NP_004439-T1166t 				0.00040268964644582256
NP_004439-T1240t 				0.00016015144493169138
NP_004439-T701t 				0.004804418886514194
NP_001129663-S171s T176t 		0.0022441312454821952		
NP_005548-S448s 			0.0004373631607773436	
NP_001129069-S1701s 			0.0002416807985621011	
NP_001129069-S1716s 			0.0002247135601160891	
NP_001020262-S621s 				0.020777026144959108
NP_000290-S155s 			0.0010180873127966302	
NP_942133-S1216s 				0.01245564261112213
NP_942133-S80s 				0.004508712342322571
NP_942135-S2s 				0.014903386159414299
NP_001166171-S224s 		0.007714692552033937		
NP_919269-S527s 				0.07913732804845708
NP_062552-S254s 			0.0019370308882006913	
NP_001091868-S173s 				0.004508712342322571
NP_061936-S146s 			0.00012370940993954979	
NP_055412-T232t 				0.03771327227705752
NP_001177666-S284s 			0.0019370308882006913	
NP_001229372-S366s 				0.004508712342322571
NP_001229372-S417s 				0.004508712342322571
NP_001229372-S66s 				0.008330690405334278
NP_001229372-T23t 				0.0004349515094769874
NP_006331-S259s 				0.0676757173056323
NP_005427-Q321q S323s S325s 				0.006412177955480281
NP_004901-S1237s 				0.007762582614953724
NP_001234918-S652s 				0.0676757173056323
NP_057269-T54t 				0.033735947927894326
NP_060484-S608s 			0.00014123754628392554	
NP_001073960-S659s 			0.00012370940993954979	
NP_001073960-T722t 			0.00031338662543509626	
NP_006139-T104t 				0.008330690405334278
NP_150091-S171s 			0.0002416807985621011	
NP_113619-S212s 				0.006251867354367394
NP_001230937-S1471s 				0.01245564261112213
NP_443111-S597s 				0.0013928838919445804
NP_056079-S311s 				0.0017333568364768812
NP_001010924-S525s 			0.0005804093252730393	
NP_115971-S1587s 	0.0064141971072830956			
NP_001015055-S543s 			0.0004373631607773436	
NP_055418-T154t 				0.02790510038332887
NP_006233-S28s 				0.0019165875881512221
NP_963293-T20t 			6.644239408518041e-06	
NP_004841-T1212t 			0.004181611146413976	
NP_115835-S230s 				0.023982345096482185
NP_001248322-S345s 				0.017303454123234262
NP_001002295-S115s 		0.006662947668604832		
NP_976049-S505s S506s S514s 				0.028384578662899694
NP_055698-S856s 				0.06511905576588387
NP_000413-S44s 			0.00030550845585071353	
NP_742068-S462s 				0.010521034569589745
NP_940887-S46s 		0.0007410922402240179		
NP_077313-S447s 			0.0004912139090537379	
NP_001444-S235s 			8.051771585602693e-06	
NP_008872-C22c S24s S45s 			2.769202309746316e-08	
NP_008872-S45s 			2.4089135812269138e-05	
NP_006810-S16s 				0.013530012663978479
NP_000537-S315s 			0.00031338662543509626	
NP_000910-S919s 			0.0008219945929503258	
NP_003213-S434s 			0.0023631158716480223	
NP_620048-S44s 			0.0010180873127966302	
NP_006089-T316t 				0.004508712342322571
NP_003705-S288s 		0.0022441312454821952		
NP_076952-S121s 				0.031140348059727256
NP_005242-S281s 			0.0013829583647302277	
NP_066983-T32t 				0.01245564261112213
NP_001417-S391s 			0.0004912139090537379	
NP_001182192-S436s 				0.01240279975250338
