	fisherFDR_PAM50_LumB_LumB	fisherFDR_PAM50_Basal_Basal	fisherFDR_PAM50_Her2_Her2
NP_057417-S1083s 			0.02388114460107445
NP_057417-S1462s 			0.06301360361280489
NP_057417-S1499s 			0.02942515336226222
NP_057417-S1694s 			0.021889585874444575
NP_057417-S1857s 			0.02388114460107445
NP_057417-S2581s 			0.017768034362899112
NP_057417-S2702s S2706s 			0.01936658737279076
NP_057417-S2740s 			0.01369343400986008
NP_057417-S780s 			0.0322657871864367
NP_057417-T2409t 			0.02388114460107445
NP_653205-S487s 			0.01602829941867454
NP_005830-S549s S551s 			0.06301360361280489
NP_005830-S560s 			0.04541632342933266
NP_005830-S560s S562s 			0.04541632342933266
NP_005830-S616s 			0.02388114460107445
NP_005830-S738s 			0.0322657871864367
NP_006188-S861s S866s 			0.01369343400986008
NP_006303-S1971s 			0.03656015605344459
NP_055554-S315s 			0.01369343400986008
NP_006302-S2315s 			0.01362145200399369
NP_055627-S356s S359s 	0.00803634424743617		
NP_055885-S643s 			0.08616701642805895
NP_055885-S64s 			0.017263095264288538
NP_055885-T1033t 			0.021889585874444575
NP_009131-S1565s 			0.04541632342933266
NP_055160-S1037s 			0.03847271513702066
NP_055160-S40s 			0.03746261362321128
NP_002366-S358s 			0.03153996731623382
NP_002366-S928s 			0.017263095264288538
NP_115812-S542s 			0.0322657871864367
NP_542417-S380s 			0.02388114460107445
NP_037450-Q478q S480s 			0.017263095264288538
NP_000480-S784s 			0.03915835444728103
NP_056371-S286s 			0.017263095264288538
NP_683692-S2954s 			0.024324576724619212
NP_683692-S3029s 			0.04675361825006878
NP_733821-S17s 			0.03153996731623382
NP_065875-S1115s 			0.01369343400986008
NP_001074419-S10s 			0.01369343400986008
NP_003119-S2102s 			0.014618822162386379
NP_061322-S598s 			0.0322657871864367
NP_055464-S513s 			0.028776159022730473
NP_054706-S345s 			0.017263095264288538
NP_001017963-S353s 			0.028776159022730473
NP_003904-S277s 			0.01369343400986008
NP_003904-S292s S294s 			0.03847271513702066
NP_150241-S505s 			0.02388114460107445
NP_054908-S358s 			0.0322657871864367
NP_054908-S465s 			0.017263095264288538
NP_054908-Q614q S617s 			0.021691172126387413
XP_003846661-T610t 			0.04660881196177588
NP_055912-S547s 			0.0322657871864367
NP_597677-S892s 			0.01362145200399369
NP_001122390-T507t 			0.01602829941867454
NP_116114-S222s S226s 			0.04541632342933266
NP_116114-S299s 			0.01362145200399369
NP_116114-T147t 			0.018342320605737154
NP_116114-T159t 			0.01369343400986008
NP_892017-S457s 			0.0322657871864367
NP_078772-S659s 			0.06301360361280489
NP_001123999-T1254t 			0.01369343400986008
NP_002826-S588s 			0.07630903210405812
NP_002826-T569t S571s 			0.04541632342933266
NP_004450-S216s 			0.017263095264288538
NP_073605-S208s 			0.05586005910909475
NP_073605-S656s 			0.03488746033080912
NP_073605-S781s 			0.0322657871864367
NP_073605-T737t 			0.04541632342933266
NP_065883-S271s 			0.02388114460107445
NP_079031-S289s 			0.05586005910909475
NP_001191397-S798s 			0.018342320605737154
NP_055445-S348s 			0.017263095264288538
NP_005383-S899s 			0.01369343400986008
NP_443094-S82s 			0.0322657871864367
NP_680780-S449s 			0.04541632342933266
NP_060733-S395s 			0.07903744321319937
NP_112197-S62s 			0.02388114460107445
NP_056450-S1046s 			0.019761310625519446
NP_056450-S929s 			0.02222482763100712
NP_056450-S941s 			0.01362145200399369
NP_444271-S765s 			0.017263095264288538
NP_444271-S973s 			0.01369343400986008
NP_001018077-S221s 			0.01362145200399369
NP_001931-S34s 			0.0322657871864367
NP_001531-S199s 			0.025248245558713488
NP_005500-Q1268q S1271s 			0.052043952068477686
NP_003061-S1377s 			0.01369343400986008
NP_116126-S419s 			0.03153996731623382
NP_116126-T34t 			0.0322657871864367
NP_036440-S692s 			0.021889585874444575
NP_055427-S417s 			0.01369343400986008
NP_060952-S305s 			0.01369343400986008
NP_001645-S582s 			0.021889585874444575
NP_031385-S125s 			0.03847271513702066
NP_003066-S302s S304s 			0.04541632342933266
NP_001002909-S1009s 			0.02222482763100712
NP_001002909-S1035s 			0.02942515336226222
NP_001002909-S738s 			0.021889585874444575
NP_001002909-S758s 			0.01982332263169771
NP_001002909-S981s 			0.01369343400986008
NP_055596-S650s 			0.017263095264288538
NP_597709-S634s 			0.01369343400986008
NP_056121-S1141s 			0.02388114460107445
NP_003886-T1259t 			0.014618822162386379
NP_001240841-S627s 			0.025248245558713488
XP_003960677-S474s 			0.023841746707341953
NP_005602-S952s 			0.04836138370788913
NP_490597-S601s 			0.01369343400986008
NP_060414-S1265s 			0.0322657871864367
NP_079223-S275s 			0.02388114460107445
NP_002895-S179s 			0.01369343400986008
NP_006028-S246s 			0.0322657871864367
NP_005959-S513s 			0.0322657871864367
NP_009297-S737s 			0.04675361825006878
NP_009297-T800t 			0.017263095264288538
NP_005793-S569s 			0.016753448693108106
NP_085133-S673s S679s 		0.00512197669679647	
NP_694988-S179s 			0.017263095264288538
NP_001934-S701s 			0.01369343400986008
NP_001934-S782s 			0.02067367489088475
NP_057541-S197s 			0.024226384197234968
NP_612401-S649s 			0.017263095264288538
NP_055915-S1364s 			0.02942515336226222
NP_003080-S320s 			0.07222167680209174
NP_055481-S459s 			0.01369343400986008
NP_075384-S142s 			0.01362145200399369
NP_064703-Q369q S374s 			0.02388114460107445
NP_057572-S201s 			0.0322657871864367
NP_064520-S153s 			0.016753448693108106
NP_006266-S314s 			0.017552736269559478
NP_006266-S314s S316s 			0.08616701642805895
NP_001253968-S268s 			0.017263095264288538
NP_056418-S80s 			0.017263095264288538
NP_055806-S1942s 			0.016753448693108106
NP_005624-S1161s 			0.01362145200399369
NP_005925-S267s 			0.017263095264288538
NP_001160165-S1099s 			0.01362145200399369
NP_005750-T169t S177s 			0.016753448693108106
NP_114032-S3s 			0.04541632342933266
NP_001524-S185s 			0.04541632342933266
NP_005100-S423s 			0.02388114460107445
NP_060651-S298s 			0.01369343400986008
NP_073589-Q146q T152t 			0.04224877129390057
NP_690852-S251s S259s 			0.01369343400986008
NP_006232-T22t 			0.02942515336226222
NP_689619-S747s 			0.017263095264288538
NP_060189-S351s 			0.01369343400986008
NP_031397-S263s 			0.0322657871864367
NP_075047-S411s 			0.01369343400986008
NP_003742-S119s 			0.017263095264288538
NP_783328-S105s 			0.02222482763100712
NP_055594-S171s 			0.028776159022730473
NP_444251-S82s 			0.0322657871864367
NP_003177-S186s 			0.01369343400986008
NP_061964-S211s 			0.10362806173400003
NP_001265309-S44s 			0.03847271513702066
NP_001737-S583s 			0.03746261362321128
NP_071387-S116s 			0.017263095264288538
NP_005073-S433s 			0.04836138370788913
NP_071401-S127s 			0.017263095264288538
NP_002758-S198s 			0.032327735708083644
NP_659434-S62s 			0.017263095264288538
NP_001035847-S935s 			0.02388114460107445
NP_008938-S513s 			0.02537345824512587
NP_001095272-T350t 			0.017263095264288538
NP_695003-S169s 			0.02309675514608112
XP_003960227-S42s 			0.028776159022730473
NP_001166925-S338s 			0.02388114460107445
NP_057108-S186s 			0.017263095264288538
NP_001202-S543s 			0.017263095264288538
NP_056995-S284s 			0.017263095264288538
NP_001154806-S56s 			0.017263095264288538
NP_115647-S86s 			0.016753448693108106
NP_036611-S71s 			0.06866556850792808
NP_001171938-S95s 			0.01369343400986008
NP_056164-S675s 			0.04836138370788913
NP_065128-S378s 			0.06301360361280489
NP_001136402-S462s 			0.0322657871864367
NP_060085-S32s 			0.020445105367991108
NP_071440-S382s 			0.02388114460107445
NP_071440-S385s 			0.016753448693108106
NP_038470-S29s 			0.02431391352365594
NP_079413-S1955s 			0.017263095264288538
NP_004588-T12t 			0.019761310625519446
NP_002154-S164s 			0.01602829941867454
NP_002861-S178s 			0.02222482763100712
NP_775762-S21s 			0.03467776732381051
NP_005688-S320s 			0.028776159022730473
NP_001524-S52s 			0.02388114460107445
NP_004860-S102s 			0.032625811010144015
NP_006581-S46s 			0.017263095264288538
NP_056272-S636s 			0.01362145200399369
NP_057417-T1927t 			0.024226384197234968
